-- SynthDB Generated Dump (Universal Engine v1.2)
BEGIN;
SET CONSTRAINTS ALL DEFERRED;

-- Data for passengers
INSERT INTO passengers (pax_id, passenger_name, passport_number, contact_email, nationality_country, dietary_restrictions) VALUES
('42fa2c9a-8bba-46ac-8851-162ca7dbc279', 'New Eulalia Toy chester Passenger', '??-0791', 'contact@neweulaliatoychesterpassenger.com', 'Czech Republic', 'Wilderman Dietary Restrictions'),
('4ac498e9-2bd9-4bfc-bf29-bdfba7b2cdef', 'Bruen Passenger', '??-0322', 'contact@bruenpassenger.com', 'Solomon Islands', 'Prosacco land Dietary Restrictions'),
('084b38f6-21c1-4718-b68f-1539232ac651', 'Muller town Passenger', '??-5302', 'contact@mullertownpassenger.com', 'Antigua and Barbuda', 'McLaughlin town Dietary Restrictions'),
('e7fc6636-bbfb-4b9a-95e7-98edd536e2e6', 'Kassulke Passenger', '??-5189', 'contact@kassulkepassenger.com', 'Mali', 'O''Reilly Dietary Restrictions'),
('fc723d38-224b-4bdc-a2f5-0ae6c2334699', 'Robel port Passenger', '??-8444', 'contact@robelportpassenger.com', 'Madagascar', 'Trenton ton Dietary Restrictions'),
('b48a2511-8162-4ff2-823c-04e8dab4a7a4', 'Dietrich Passenger', '??-9997', 'contact@dietrichpassenger.com', 'United States Minor Outlying Islands', 'Murphy mouth Dietary Restrictions'),
('f05f7b9d-d7a0-488c-a411-63e863395269', 'Mohr Passenger', '??-0184', 'contact@mohrpassenger.com', 'Iran', 'Turcotte shire Dietary Restrictions'),
('e26c3143-17f4-4cfe-ad8c-1c133f5aeb9b', 'North Jillian Rau mouth Passenger', '??-7767', 'contact@northjillianraumouthpassenger.com', 'Holy See (Vatican City State)', 'Wanda town Dietary Restrictions'),
('4ca8b8e7-5dfb-4014-9bbf-a9ec262e54f0', 'East Emmanuelle MacGyver ville Passenger', '??-7632', 'contact@eastemmanuellemacgyvervillepassenger.com', 'Djibouti', 'Stanton Dietary Restrictions'),
('3f8681df-de54-43e1-9d2e-b0b0f5c2994e', 'Port Melvina Sporer mouth Passenger', '??-0398', 'contact@portmelvinasporermouthpassenger.com', 'Guadeloupe', 'Cormier mouth Dietary Restrictions'),
('8a0d93e6-dff2-4077-b300-f8637a21dfc6', 'Konopelski fort Passenger', '??-6900', 'contact@konopelskifortpassenger.com', 'Afghanistan', 'Oberbrunner ville Dietary Restrictions'),
('2d5dfa58-7c5d-4210-b8e0-def2ef84d5d9', 'Goodwin Passenger', '??-6720', 'contact@goodwinpassenger.com', 'Switzerland', 'Schaefer Dietary Restrictions'),
('963ede28-0092-4f5d-80e4-1e949f2483d8', 'Franecki Passenger', '??-4532', 'contact@franeckipassenger.com', 'Iraq', 'Kuhic ville Dietary Restrictions'),
('e4deb67e-5eb8-43da-9a29-6fa58c7b8b2e', 'Kreiger burgh Passenger', '??-3419', 'contact@kreigerburghpassenger.com', 'Comoros', 'Spencer Dietary Restrictions'),
('2e54f98d-03e8-40c0-ab3d-b0cce19aef6e', 'Elbert borough Passenger', '??-9746', 'contact@elbertboroughpassenger.com', 'Democratic People''s Republic of Korea', 'South Sylvester Hand view Dietary Restrictions'),
('609ea2a4-88df-47f9-8544-57244cc57eb0', 'Wilderman Passenger', '??-0200', 'contact@wildermanpassenger.com', 'Puerto Rico', 'Kuvalis bury Dietary Restrictions'),
('258a483e-6518-4ba7-a36e-1fed82441065', 'Ratke Passenger', '??-6675', 'contact@ratkepassenger.com', 'Syrian Arab Republic', 'Pfeffer side Dietary Restrictions'),
('03cbdb23-6e5d-40c3-9a22-34c38993f03a', 'West Hubert Leannon burgh Passenger', '??-7713', 'contact@westhubertleannonburghpassenger.com', 'Guadeloupe', 'Dalton ville Dietary Restrictions'),
('20556ac2-3091-41ce-8394-30ae025847cb', 'Zieme Passenger', '??-5810', 'contact@ziemepassenger.com', 'China', 'South Adolph Lindgren side Dietary Restrictions'),
('877567c9-d43d-4252-aaff-a44a9bdc2d8e', 'Lisa borough Passenger', '??-3432', 'contact@lisaboroughpassenger.com', 'Belarus', 'Maxine ton Dietary Restrictions'),
('eef71f64-e4bf-4890-989f-8ca4ad09f3b1', 'Stracke Passenger', '??-4396', 'contact@strackepassenger.com', 'Jamaica', 'McClure furt Dietary Restrictions'),
('aaa8bfff-6c3e-4be8-ac70-b3eb17c6849c', 'Mills Passenger', '??-2844', 'contact@millspassenger.com', 'Romania', 'Mraz borough Dietary Restrictions'),
('b999035b-0e8b-4878-8ddf-12161eca0ca3', 'Ziemann Passenger', '??-0628', 'contact@ziemannpassenger.com', 'Libyan Arab Jamahiriya', 'Predovic Dietary Restrictions'),
('dd5325d5-d85e-471d-8d97-e45365f2332c', 'Harber Passenger', '??-8645', 'contact@harberpassenger.com', 'Mali', 'Conroy borough Dietary Restrictions'),
('3e1153b6-85e7-442c-b80e-cfec88eeb33a', 'Daugherty Passenger', '??-4892', 'contact@daughertypassenger.com', 'Guam', 'Sydni view Dietary Restrictions'),
('d974ab29-18b4-4cbd-ba78-274b63dac521', 'Leffler furt Passenger', '??-9885', 'contact@lefflerfurtpassenger.com', 'Finland', 'Cronin ton Dietary Restrictions'),
('d82aae80-9d4a-46db-a67d-0b17000fb11d', 'Mosciski Passenger', '??-4982', 'contact@mosciskipassenger.com', 'Madagascar', 'Leannon Dietary Restrictions'),
('7347b65c-6e78-41e7-992c-e00413426570', 'Schoen Passenger', '??-9607', 'contact@schoenpassenger.com', 'Tanzania', 'Lowe furt Dietary Restrictions'),
('453a6d8e-6ad7-4362-8998-207f6b2cf62f', 'Greenfelder Passenger', '??-9614', 'contact@greenfelderpassenger.com', 'Jordan', 'Nitzsche Dietary Restrictions'),
('0877141d-7417-48ae-bedb-572ece2c590b', 'Turner ton Passenger', '??-0545', 'contact@turnertonpassenger.com', 'Democratic People''s Republic of Korea', 'Haley Dietary Restrictions'),
('0fe4d21c-32b1-40cf-a6f8-976618f43ec1', 'Ledner port Passenger', '??-4635', 'contact@lednerportpassenger.com', 'Afghanistan', 'Schinner Dietary Restrictions'),
('04250780-496a-45a6-8166-b75929a39868', 'Hickle Passenger', '??-0222', 'contact@hicklepassenger.com', 'Guatemala', 'Jenkins stad Dietary Restrictions'),
('43f00fe6-364d-4159-b112-e54c66bed97d', 'Kuhic chester Passenger', '??-2205', 'contact@kuhicchesterpassenger.com', 'New Zealand', 'Flatley Dietary Restrictions'),
('544aea33-8c59-4e59-9d15-b977ad843520', 'West Kaleigh Schumm chester Passenger', '??-6681', 'contact@westkaleighschummchesterpassenger.com', 'Kiribati', 'Leann haven Dietary Restrictions'),
('6b02d796-d7ab-443d-b8c8-a7f725301445', 'Sanford shire Passenger', '??-7179', 'contact@sanfordshirepassenger.com', 'Virgin Islands, British', 'Lake Branson Macejkovic land Dietary Restrictions'),
('a2d17149-a4b5-4d75-8029-f99a6cb85266', 'Crist Passenger', '??-1952', 'contact@cristpassenger.com', 'United States of America', 'Braun ton Dietary Restrictions'),
('b5a67ec6-f0ae-495a-ab9c-30fd8f00ecaa', 'Collier ton Passenger', '??-9302', 'contact@colliertonpassenger.com', 'Namibia', 'Graham Dietary Restrictions'),
('0dbca265-f75d-4f90-aeac-b393e0316143', 'Bogan Passenger', '??-1424', 'contact@boganpassenger.com', 'Falkland Islands (Malvinas)', 'Paris mouth Dietary Restrictions'),
('cefdbb4e-9d6b-4e1a-9dd4-9282e402cad8', 'Ward mouth Passenger', '??-1273', 'contact@wardmouthpassenger.com', 'Antarctica (the territory South of 60 deg S)', 'Kamron berg Dietary Restrictions'),
('fb33ea61-9c9c-421a-bc98-681a7584ea37', 'Windler haven Passenger', '??-9346', 'contact@windlerhavenpassenger.com', 'Panama', 'Emmerich view Dietary Restrictions'),
('6a64653d-39f9-4998-827d-d59a783f81c8', 'Stehr Passenger', '??-8039', 'contact@stehrpassenger.com', 'Puerto Rico', 'Kling Dietary Restrictions'),
('f812ab99-0f81-4050-a18c-36f9590a0e87', 'Lake Ricky Tillman side Passenger', '??-2213', 'contact@lakerickytillmansidepassenger.com', 'Republic of Korea', 'Bruen Dietary Restrictions'),
('f09b2f57-93f9-4cd4-85de-d2193c7cd719', 'Nikolaus Passenger', '??-0745', 'contact@nikolauspassenger.com', 'Ukraine', 'Gutmann chester Dietary Restrictions'),
('86045092-2dfe-460c-af03-555d2d20446c', 'Bashirian berg Passenger', '??-1391', 'contact@bashirianbergpassenger.com', 'Indonesia', 'Corwin bury Dietary Restrictions'),
('de7d4b49-f0f6-4067-adba-2d252fe55cf4', 'Princess mouth Passenger', '??-2503', 'contact@princessmouthpassenger.com', 'Lithuania', 'Cummings fort Dietary Restrictions'),
('b942590e-39a5-4e75-970e-b47dae7a6bd0', 'Hyman furt Passenger', '??-9676', 'contact@hymanfurtpassenger.com', 'Falkland Islands (Malvinas)', 'Schimmel Dietary Restrictions'),
('603a1527-575b-4152-8f72-d1b31c7a54f3', 'Kreiger fort Passenger', '??-6215', 'contact@kreigerfortpassenger.com', 'Jordan', 'Grimes ville Dietary Restrictions'),
('25c4ab37-94c7-4da2-b914-897c1c648c49', 'Legros view Passenger', '??-3220', 'contact@legrosviewpassenger.com', 'Puerto Rico', 'Lake Celia Johnson side Dietary Restrictions'),
('b1dd9cce-1fb8-4350-8f03-7fa4c59ae9c2', 'Bartoletti Passenger', '??-4615', 'contact@bartolettipassenger.com', 'Iceland', 'Kunde mouth Dietary Restrictions'),
('0904e3a8-58d5-43af-bc23-aa07999cfc3b', 'Crist chester Passenger', '??-9182', 'contact@cristchesterpassenger.com', 'Falkland Islands (Malvinas)', 'Bashirian Dietary Restrictions'),
('ce548bd1-5657-4d53-b284-47019b5c9362', 'Port Bell Ryan berg Passenger', '??-3761', 'contact@portbellryanbergpassenger.com', 'South Africa', 'Kulas Dietary Restrictions'),
('794bca10-740f-40ab-a241-babe8eb6b7fd', 'Reilly Passenger', '??-2583', 'contact@reillypassenger.com', 'Finland', 'Lind Dietary Restrictions'),
('fe872982-8ca7-4c11-8545-5b32c4777b79', 'Lake Santino Walker haven Passenger', '??-5377', 'contact@lakesantinowalkerhavenpassenger.com', 'Peru', 'Pouros Dietary Restrictions'),
('34ff2843-1e29-4002-9f78-eb006a2f79a3', 'Kuvalis stad Passenger', '??-9099', 'contact@kuvalisstadpassenger.com', 'Myanmar', 'Langworth berg Dietary Restrictions'),
('6ecca7d9-05e9-4ca5-9c88-1e96c8037771', 'Barrows Passenger', '??-1225', 'contact@barrowspassenger.com', 'Sri Lanka', 'East Ethan Brekke town Dietary Restrictions'),
('9270a98c-0eda-425e-9cfb-2c4bb8588a9e', 'Leannon Passenger', '??-3853', 'contact@leannonpassenger.com', 'Denmark', 'New Otis Schiller side Dietary Restrictions'),
('bef6d590-7575-47a1-8c87-8350dfa40053', 'Moen Passenger', '??-7719', 'contact@moenpassenger.com', 'Eritrea', 'Klocko haven Dietary Restrictions'),
('188322ea-e178-48e0-b43e-e8cd301ffe3d', 'King chester Passenger', '??-2693', 'contact@kingchesterpassenger.com', 'Montenegro', 'Port Asha Aufderhar chester Dietary Restrictions'),
('1bd04ad7-3bce-45cc-919b-c6cae367124c', 'Bechtelar Passenger', '??-4447', 'contact@bechtelarpassenger.com', 'Congo', 'Cummerata haven Dietary Restrictions'),
('ff54bb2d-1f20-459f-b05e-d4a114d199b9', 'Heller haven Passenger', '??-1999', 'contact@hellerhavenpassenger.com', 'Niger', 'Sophia ville Dietary Restrictions'),
('e056edc5-47fd-4bb2-bc4b-45af95c09502', 'Bartoletti Passenger', '??-9573', 'contact@bartolettipassenger.com', 'Uzbekistan', 'Gislason furt Dietary Restrictions'),
('ef06b878-28f5-4e19-924b-9f27ed028b44', 'Haag bury Passenger', '??-2506', 'contact@haagburypassenger.com', 'Comoros', 'New Daisha Reinger bury Dietary Restrictions'),
('d604fa2e-ff91-4f5d-bce1-6ea51ad30453', 'Kuvalis Passenger', '??-2574', 'contact@kuvalispassenger.com', 'Anguilla', 'Schinner view Dietary Restrictions'),
('53c34bda-94fa-4d93-b41b-ca0ed85d3bff', 'New Elissa Towne view Passenger', '??-8048', 'contact@newelissatowneviewpassenger.com', 'Georgia', 'Collins stad Dietary Restrictions'),
('5ef2af2d-1793-47d7-94d8-c932af6d81a3', 'Bartell Passenger', '??-0038', 'contact@bartellpassenger.com', 'Eritrea', 'North Josh Konopelski town Dietary Restrictions'),
('4b170079-507b-4cc2-8329-5a233195a21d', 'New Frida Littel land Passenger', '??-3657', 'contact@newfridalittellandpassenger.com', 'Turkey', 'Lubowitz Dietary Restrictions'),
('2c1f7379-eb70-41f7-a23e-306b545d74ca', 'McLaughlin bury Passenger', '??-3588', 'contact@mclaughlinburypassenger.com', 'Saint Vincent and the Grenadines', 'Schamberger Dietary Restrictions'),
('34f1f30f-337e-4711-8801-b9fd1e75ce1c', 'Cronin Passenger', '??-2562', 'contact@croninpassenger.com', 'Zimbabwe', 'Zemlak Dietary Restrictions'),
('3cf1a10b-3a11-4c48-9bd1-227a8f5dd415', 'Mraz Passenger', '??-8535', 'contact@mrazpassenger.com', 'Libyan Arab Jamahiriya', 'O''Keefe berg Dietary Restrictions'),
('c053eaf6-853d-4fb2-bde0-533c42ebb85d', 'Langosh Passenger', '??-3209', 'contact@langoshpassenger.com', 'Brunei Darussalam', 'Connelly Dietary Restrictions'),
('9794ae3b-3e13-4d59-b872-6e3369c1fe44', 'Keebler Passenger', '??-0267', 'contact@keeblerpassenger.com', 'Bermuda', 'Sporer Dietary Restrictions'),
('c1a8e221-d6f9-4eb6-ab07-b757114f6ffb', 'Satterfield town Passenger', '??-8534', 'contact@satterfieldtownpassenger.com', 'Singapore', 'Wolff stad Dietary Restrictions'),
('14cf5754-3edc-4e2a-a0d7-da9fc58dec7b', 'Adelle burgh Passenger', '??-7655', 'contact@adelleburghpassenger.com', 'Mayotte', 'Vandervort stad Dietary Restrictions'),
('dfaadf4a-cda1-4df6-bd6a-82b79fc3d667', 'New Amalia Klein bury Passenger', '??-1906', 'contact@newamaliakleinburypassenger.com', 'Kazakhstan', 'Marquardt Dietary Restrictions'),
('08246cae-054f-413c-a659-105099bd6e78', 'Rowe view Passenger', '??-7496', 'contact@roweviewpassenger.com', 'Falkland Islands (Malvinas)', 'Collier ville Dietary Restrictions'),
('1d1d15d5-9105-4e06-b984-ba7f23da1789', 'Torphy bury Passenger', '??-5981', 'contact@torphyburypassenger.com', 'Azerbaijan', 'Kunze fort Dietary Restrictions'),
('5f277589-174d-4c5d-a7ea-61abae7268e1', 'Spinka Passenger', '??-4666', 'contact@spinkapassenger.com', 'Saint Lucia', 'Mills chester Dietary Restrictions'),
('1e4774c8-be87-4a29-8a26-eb3c97bdeb8d', 'Kuvalis Passenger', '??-9486', 'contact@kuvalispassenger.com', 'Norway', 'Heller Dietary Restrictions'),
('31629589-88d9-467d-8f0b-1522f6ac17bf', 'Stracke Passenger', '??-6262', 'contact@strackepassenger.com', 'Lithuania', 'Dickinson borough Dietary Restrictions'),
('6bbe9c4e-c320-4a55-844c-7cd492117ad9', 'Garrick furt Passenger', '??-3007', 'contact@garrickfurtpassenger.com', 'Iceland', 'Friesen Dietary Restrictions'),
('f244c4d8-1d2b-41b2-b60c-5fad5dc627e9', 'Breitenberg bury Passenger', '??-1609', 'contact@breitenbergburypassenger.com', 'Colombia', 'Vandervort mouth Dietary Restrictions'),
('a906bed6-4a7d-4d4f-a794-e464f219985c', 'Luettgen Passenger', '??-3021', 'contact@luettgenpassenger.com', 'Botswana', 'Retta port Dietary Restrictions'),
('5d4013b3-da63-4d27-8489-966ddf73d6cc', 'Yundt Passenger', '??-4986', 'contact@yundtpassenger.com', 'Denmark', 'Port Aurelia Eichmann mouth Dietary Restrictions'),
('2efdce05-7089-4d31-ba63-4bb05701cba1', 'Thiel stad Passenger', '??-7758', 'contact@thielstadpassenger.com', 'Antigua and Barbuda', 'Hammes Dietary Restrictions'),
('1a278c94-ab28-4369-b5ff-ed0b9257495a', 'Schinner Passenger', '??-8590', 'contact@schinnerpassenger.com', 'Belarus', 'Corkery Dietary Restrictions'),
('f29e536e-ff4b-450d-8d05-d11d0156149d', 'Roob stad Passenger', '??-4450', 'contact@roobstadpassenger.com', 'Virgin Islands, British', 'Leopold burgh Dietary Restrictions'),
('cb621497-4ada-4db7-a290-db585d11c05e', 'Theodora ton Passenger', '??-8466', 'contact@theodoratonpassenger.com', 'Netherlands Antilles', 'Gutmann fort Dietary Restrictions'),
('ecfd7d6e-f379-4ea3-b200-d1c642573dd4', 'West August Flatley mouth Passenger', '??-9582', 'contact@westaugustflatleymouthpassenger.com', 'Svalbard & Jan Mayen Islands', 'Schimmel Dietary Restrictions'),
('4f56fde8-0451-4c4b-ba2e-2ac4651b6f05', 'Smitham Passenger', '??-6939', 'contact@smithampassenger.com', 'Lesotho', 'Predovic ton Dietary Restrictions'),
('e43853f6-34c3-4636-bbab-6b5e7d08d610', 'Simonis Passenger', '??-3626', 'contact@simonispassenger.com', 'Azerbaijan', 'Lakin fort Dietary Restrictions'),
('0303cacb-b657-4abb-b0c4-9ac6952765a1', 'Rice Passenger', '??-9163', 'contact@ricepassenger.com', 'Northern Mariana Islands', 'Altenwerth town Dietary Restrictions'),
('85e0e98a-d873-4654-92e0-ad17c3d99a29', 'Pollich land Passenger', '??-2078', 'contact@pollichlandpassenger.com', 'Philippines', 'Koss borough Dietary Restrictions'),
('5be12c83-3870-4369-b92c-9f1354e0e9eb', 'South Marisol Abshire side Passenger', '??-9551', 'contact@southmarisolabshiresidepassenger.com', 'Solomon Islands', 'Cummerata mouth Dietary Restrictions'),
('95d6db07-7ef4-40f2-bda2-4ca9742e125c', 'East Jed Murphy stad Passenger', '??-7214', 'contact@eastjedmurphystadpassenger.com', 'Ghana', 'Jena mouth Dietary Restrictions'),
('50ea6f09-f780-494d-9a14-13dd0ff6cc35', 'Ortiz shire Passenger', '??-2472', 'contact@ortizshirepassenger.com', 'Saint Martin', 'Smitham furt Dietary Restrictions'),
('cb912eed-54e3-4302-9de0-dec337432ad2', 'Schaden ville Passenger', '??-0438', 'contact@schadenvillepassenger.com', 'Burundi', 'Walter furt Dietary Restrictions'),
('e7710921-84e9-4bb4-8b4a-18ffa795778d', 'Bayer Passenger', '??-8580', 'contact@bayerpassenger.com', 'French Polynesia', 'Collier ton Dietary Restrictions'),
('a964c299-913a-4b63-8089-00bbf6e737a6', 'Magnolia berg Passenger', '??-2838', 'contact@magnoliabergpassenger.com', 'Nauru', 'West Elmo Cummings burgh Dietary Restrictions'),
('a7f25f91-2417-48dc-ae51-f69286fcd653', 'Taylor ton Passenger', '??-8669', 'contact@taylortonpassenger.com', 'Pitcairn Islands', 'South Francesca Batz port Dietary Restrictions'),
('609568f8-608c-471a-88c1-d516daf3a377', 'Bauch town Passenger', '??-0249', 'contact@bauchtownpassenger.com', 'Bahrain', 'Mann side Dietary Restrictions');

-- Data for aircraft_fleet
INSERT INTO aircraft_fleet (aircraft_id, tail_number, manufacturer_name, model_variant, commission_date, last_maintenance_check) VALUES
('bc3d276f-d035-4a28-9f07-748be244a473', '??-5747', 'Nicolas port Manufacturer', 'Rodriguez mouth Model Variant', '2025-05-22 08:02:47', NULL),
('f5ce367f-7c30-45b3-87a9-dd7277c24f40', '??-0478', 'Upton stad Manufacturer', 'North Jessy Hackett view Model Variant', '2025-01-25 08:02:47', NULL),
('ba694ed0-e357-49aa-804a-53418c9fd497', '??-2767', 'Rippin mouth Manufacturer', 'Connelly stad Model Variant', '2025-11-06 08:02:47', NULL),
('668e97d6-5561-4bb5-85fb-7a07c00f89b8', '??-4173', 'Hauck bury Manufacturer', 'Elenor furt Model Variant', '2025-08-04 08:02:47', NULL),
('83067e61-b2f3-4552-8c05-887cb7923a57', '??-5241', 'Swift Manufacturer', 'Kunze Model Variant', '2025-06-14 08:02:47', NULL),
('08c8fd78-5ce6-486e-a334-79a9f0fb24d5', '??-7411', 'Zulauf ton Manufacturer', 'East Jeffry Bogisich berg Model Variant', '2024-12-18 08:02:47', NULL),
('5e612822-375d-4272-9fff-a21159847d6b', '??-0888', 'Crist land Manufacturer', 'Kutch Model Variant', '2025-05-16 08:02:47', NULL),
('baabf15d-b312-49d1-bdb0-4bc10a815d3e', '??-9030', 'O''Conner Manufacturer', 'Stracke ton Model Variant', '2025-03-25 08:02:47', NULL),
('9bbf634c-ea8c-4edb-9624-f53d9d782de5', '??-5544', 'Haag Manufacturer', 'Glover Model Variant', '2025-09-25 08:02:47', NULL),
('69294f7e-c385-4637-838d-9defb5c6fc65', '??-3756', 'Quigley shire Manufacturer', 'Kody borough Model Variant', '2024-12-15 08:02:47', NULL),
('f37a1431-56bb-4358-b199-761d3a8a684b', '??-5660', 'Connelly Manufacturer', 'Buckridge mouth Model Variant', '2025-03-23 08:02:47', NULL),
('fd83326d-6313-430f-a2e4-6c1c43b4e85b', '??-8964', 'Leuschke Manufacturer', 'Moen Model Variant', '2025-09-01 08:02:47', NULL),
('4e92d440-8bcd-4a18-8a95-3085550baabe', '??-3118', 'Bernier Manufacturer', 'Reinger Model Variant', '2025-06-27 08:02:47', NULL),
('5815cb2f-ab2a-4b9a-a734-4f623bce6144', '??-1121', 'Erdman Manufacturer', 'Mills Model Variant', '2025-08-27 08:02:47', NULL),
('28d2c0c4-6664-4025-9a47-fdbd704a5f1c', '??-7557', 'Montana mouth Manufacturer', 'North Gregory Thiel ville Model Variant', '2025-07-19 08:02:47', NULL),
('2faf49f6-b894-4d2a-b46a-ee4b9cf405fb', '??-1093', 'East Mckenzie Cole side Manufacturer', 'Sanford mouth Model Variant', '2025-06-16 08:02:47', NULL),
('7718ed42-c612-445e-aa3f-ebdd2ec8dd80', '??-1425', 'Bogan Manufacturer', 'East Albertha Boyer furt Model Variant', '2025-01-25 08:02:47', NULL),
('bc17ac7c-c9a0-42af-901f-4e2eae857530', '??-2904', 'Leo burgh Manufacturer', 'O''Reilly port Model Variant', '2025-11-23 08:02:47', NULL),
('47b7032a-c182-4771-b0b1-079e17034515', '??-7861', 'Ernser mouth Manufacturer', 'Zieme chester Model Variant', '2025-07-18 08:02:47', NULL),
('3dbdf300-407e-4501-89e0-92b057081a30', '??-8901', 'Gerhold Manufacturer', 'Blick town Model Variant', '2025-09-08 08:02:47', NULL),
('a4241309-e150-4952-b018-d41082ced527', '??-2547', 'Shields Manufacturer', 'Williamson view Model Variant', '2024-12-01 08:02:47', NULL),
('9bc1a71c-d4fd-4913-81c9-1366170f6cd0', '??-6286', 'Pollich Manufacturer', 'Port Albin Nader bury Model Variant', '2024-12-16 08:02:47', NULL),
('8961194a-7822-4b40-9eb9-96c25c99c12d', '??-9118', 'Mante chester Manufacturer', 'Donnelly stad Model Variant', '2025-02-22 08:02:47', NULL),
('8da72768-47b6-434c-8d1d-48813b16c6fd', '??-0095', 'Jaskolski furt Manufacturer', 'North Jasen Larkin town Model Variant', '2025-07-23 08:02:47', NULL),
('1494a824-a043-4f23-b9ef-0705727b35d0', '??-7838', 'Florencio shire Manufacturer', 'Turcotte shire Model Variant', '2025-08-15 08:02:47', NULL),
('e137d42c-87a8-4a74-b097-6ba86068a123', '??-9090', 'Erdman view Manufacturer', 'Robel shire Model Variant', '2025-02-16 08:02:47', NULL),
('0decb5ae-a254-4121-ac71-781339b1f276', '??-5163', 'Turner Manufacturer', 'North Gabrielle Botsford ville Model Variant', '2025-07-21 08:02:47', NULL),
('e9e5e973-9bcf-46b9-91c6-402c9ea37725', '??-0018', 'Hermann stad Manufacturer', 'Jerde Model Variant', '2025-02-17 08:02:47', NULL),
('934057ab-9498-4ae0-b973-64d5e9c9882e', '??-4428', 'Bernhard Manufacturer', 'Hartmann Model Variant', '2025-05-24 08:02:47', NULL),
('18334188-fa2e-49f2-b928-1e65db9d09bb', '??-9377', 'Lowe Manufacturer', 'Hayes side Model Variant', '2025-06-29 08:02:47', NULL),
('c2e784cb-31c3-472f-9d34-a3870c88b116', '??-9978', 'North Zelda Schoen mouth Manufacturer', 'Dickinson ville Model Variant', '2025-05-26 08:02:47', NULL),
('c0d717d4-e260-4fa3-a78a-6eec7145ba4f', '??-7347', 'Schowalter Manufacturer', 'Kerluke ville Model Variant', '2025-09-07 08:02:47', NULL),
('b91ac244-b5e3-4995-9876-c4eaa09a3782', '??-9251', 'Graham Manufacturer', 'Steuber Model Variant', '2025-02-20 08:02:47', NULL),
('944aefb9-51de-4696-8e75-78d3c9252f15', '??-9332', 'Harvey Manufacturer', 'Bernhard Model Variant', '2024-12-28 08:02:47', NULL),
('aaceb23e-e1f1-4031-ad47-7f07558c16cb', '??-7492', 'Alene fort Manufacturer', 'Jalen stad Model Variant', '2025-04-11 08:02:47', NULL),
('1e6e955f-dd44-472e-8074-c595f5805738', '??-8841', 'Hilpert Manufacturer', 'West Ava Marks mouth Model Variant', '2025-04-20 08:02:47', NULL),
('6139811c-209b-4b26-8888-0cb8ec1e64e0', '??-3086', 'Zboncak Manufacturer', 'Lake Garth White fort Model Variant', '2025-06-18 08:02:47', NULL),
('be29959f-99eb-40a3-8104-852e13fcf2f3', '??-0311', 'South Leta Kulas haven Manufacturer', 'Ruecker Model Variant', '2025-02-27 08:02:47', NULL),
('0ee817b9-a523-4a04-85b1-49a1bae0509d', '??-5840', 'Batz furt Manufacturer', 'Juanita chester Model Variant', '2025-08-01 08:02:47', NULL),
('70a5b3e4-53f5-4bef-9905-cac314288438', '??-9721', 'Mueller shire Manufacturer', 'Kling Model Variant', '2025-01-08 08:02:47', NULL),
('8b908d49-fe4c-4be2-bf76-12cfaaa3b250', '??-4073', 'Kautzer mouth Manufacturer', 'Denesik shire Model Variant', '2025-07-18 08:02:47', NULL),
('3bb88cff-05ee-4752-8800-a69e410814c7', '??-9324', 'Dibbert Manufacturer', 'Heller mouth Model Variant', '2025-08-11 08:02:47', NULL),
('48dd4313-0b88-4f59-b08a-7bebc306182e', '??-1181', 'Lake Bertrand Krajcik view Manufacturer', 'McCullough stad Model Variant', '2025-09-03 08:02:47', NULL),
('da4af092-74f5-4224-aa77-7a1d8316b2e0', '??-2264', 'Abernathy Manufacturer', 'Kub Model Variant', '2025-01-25 08:02:47', NULL),
('b43463a9-6756-4a1d-b139-44a03cab6e4f', '??-9570', 'Schuppe Manufacturer', 'Kim burgh Model Variant', '2025-05-09 08:02:47', NULL),
('68a32b00-3ad4-40f5-a311-e6ab67fbc097', '??-3156', 'Mosciski Manufacturer', 'Emmerich stad Model Variant', '2025-06-24 08:02:47', NULL),
('118e27fe-33d2-41ff-b392-83b3f73ad92b', '??-9075', 'Pollich bury Manufacturer', 'Schiller Model Variant', '2025-08-27 08:02:47', NULL),
('fad38482-a18d-4455-a88b-73402991e0e8', '??-3900', 'Sporer Manufacturer', 'Cartwright berg Model Variant', '2025-08-27 08:02:47', NULL),
('ed14d0ea-9aae-4dc5-9cf2-db3e1aa81d5c', '??-2414', 'Veum Manufacturer', 'Hilll fort Model Variant', '2025-02-10 08:02:47', NULL),
('d30c0152-20ca-49ff-b427-9ab1ebdff399', '??-5477', 'Corkery Manufacturer', 'Cassie chester Model Variant', '2025-06-30 08:02:47', NULL),
('63f22769-7305-407e-8d30-37da2153017a', '??-1838', 'Beatty Manufacturer', 'Port Brooke Gibson view Model Variant', '2025-08-04 08:02:47', NULL),
('cee8a217-963c-4870-ad0d-b0a6f28653c3', '??-2158', 'Littel borough Manufacturer', 'Pollich Model Variant', '2025-08-06 08:02:47', NULL),
('a1579c8e-9b6b-476f-a24b-bff671f97bc6', '??-3233', 'New Ona Rohan side Manufacturer', 'Jailyn town Model Variant', '2025-10-17 08:02:47', NULL),
('f1bb574a-ae84-4a68-9078-5516712983a1', '??-7587', 'Dibbert ville Manufacturer', 'Koepp shire Model Variant', '2025-08-28 08:02:47', NULL),
('09b0e344-334e-4110-bd6a-2f5095ca1302', '??-8770', 'South Christop Zieme ton Manufacturer', 'Bernier town Model Variant', '2025-03-31 08:02:47', NULL),
('11b70569-8b9c-47c4-8bae-8ba7d1e69b00', '??-1379', 'Reilly fort Manufacturer', 'Schowalter Model Variant', '2025-11-06 08:02:47', NULL),
('ed8888dd-4213-4504-a2be-77d4e3ee83f0', '??-5832', 'Marilie side Manufacturer', 'East Dortha Pfannerstill chester Model Variant', '2025-11-11 08:02:47', NULL),
('384acae9-4330-4976-a3c4-8595310a9654', '??-6928', 'Bartoletti side Manufacturer', 'Powlowski Model Variant', '2025-07-07 08:02:47', NULL),
('ff895a45-deac-4637-85a8-6039ee324e0d', '??-3839', 'Monahan stad Manufacturer', 'Ruecker Model Variant', '2025-08-31 08:02:47', NULL),
('94e0aeea-e5e2-4965-82d0-6de765c4faec', '??-8569', 'Hamill Manufacturer', 'Conroy mouth Model Variant', '2025-09-17 08:02:47', NULL),
('01df28fc-e638-4a18-ae60-b23ff50344fa', '??-6211', 'Port Victor Rutherford borough Manufacturer', 'Brown Model Variant', '2025-04-12 08:02:47', NULL),
('e1a7d9a4-3bff-4e20-be20-5106e9535ecd', '??-0815', 'Muller Manufacturer', 'Lizzie ville Model Variant', '2025-06-26 08:02:47', NULL),
('9838995b-a724-4d54-8480-84a23faeb936', '??-1412', 'Nils shire Manufacturer', 'Feeney port Model Variant', '2025-10-17 08:02:47', NULL),
('cc8cac59-3a0f-4b24-b87f-a0778b7db875', '??-3017', 'Metz Manufacturer', 'West Mason Goldner town Model Variant', '2025-08-29 08:02:47', NULL),
('1e2d30c0-e24a-4b77-9697-14cfc017d7b6', '??-9090', 'Kshlerin Manufacturer', 'Lake Ally Ruecker chester Model Variant', '2025-01-26 08:02:47', NULL),
('21804bec-afe1-4f6d-9077-b028083c2bfd', '??-0764', 'Lynch Manufacturer', 'Romaguera Model Variant', '2025-07-11 08:02:47', NULL),
('36ee19a9-bfc1-4e96-8c81-c5a36c2ed4e3', '??-5799', 'Bartoletti Manufacturer', 'Rosenbaum Model Variant', '2025-07-30 08:02:47', NULL),
('d70f4874-573d-4209-9502-62f0bb0e3df8', '??-7029', 'South Monte Barton stad Manufacturer', 'Moen borough Model Variant', '2025-03-20 08:02:47', NULL),
('b0dde5bb-d375-4e47-b76e-01671fd6b34e', '??-9900', 'Sandy bury Manufacturer', 'Gottlieb ton Model Variant', '2025-03-10 08:02:47', NULL),
('84cd14e5-a866-4bf5-9e60-d3a616196518', '??-7526', 'Skiles Manufacturer', 'Dusty fort Model Variant', '2025-02-06 08:02:47', NULL),
('2e2cd2f4-4983-4f12-8b66-a0f819911706', '??-5516', 'Elaina side Manufacturer', 'Crona furt Model Variant', '2025-06-04 08:02:47', NULL),
('f542147f-419d-4ad5-9fb2-d14e6b086b18', '??-0686', 'Bode Manufacturer', 'Gusikowski Model Variant', '2025-09-04 08:02:47', NULL),
('7f931189-c62a-4396-ae00-b4a30e301712', '??-4086', 'Stamm berg Manufacturer', 'Emmerich haven Model Variant', '2025-09-18 08:02:47', NULL),
('794e5296-6398-4391-9231-4c8fb2373204', '??-1678', 'Ziemann town Manufacturer', 'Beatty Model Variant', '2025-07-07 08:02:47', NULL),
('f3e9e09c-b16c-405a-aa5d-698fd8f2fa7b', '??-4770', 'Prohaska Manufacturer', 'Lake Cordie Greenfelder chester Model Variant', '2024-12-07 08:02:47', NULL),
('6927362e-3d93-413f-ba17-0556e3bd4aa9', '??-0309', 'New Simone Nikolaus ton Manufacturer', 'North Tyrel Tillman shire Model Variant', '2025-09-25 08:02:47', NULL),
('9836dfde-8cff-4398-b13f-eb11ab2fc9b7', '??-9641', 'Aurelio port Manufacturer', 'East Summer Rohan bury Model Variant', '2025-05-26 08:02:47', NULL),
('6229818a-79ae-4c4a-baad-c4e10eb2e235', '??-3747', 'Feeney berg Manufacturer', 'Yost port Model Variant', '2025-04-29 08:02:47', NULL),
('99ab02bb-d5b0-4dbc-934e-cf46873ceafc', '??-7918', 'Crona Manufacturer', 'McDermott side Model Variant', '2025-06-17 08:02:47', NULL),
('cb99c089-3c8d-4fd8-9c59-1ea5b501ed98', '??-3415', 'Aubrey berg Manufacturer', 'South Gilda Ward mouth Model Variant', '2025-06-15 08:02:47', NULL),
('11b51ca0-8830-40ea-9c92-bcc3938ce23c', '??-8305', 'Shayna town Manufacturer', 'New Jovani Douglas borough Model Variant', '2025-10-26 08:02:47', NULL),
('484ed4a5-f647-4984-b188-18929f283dd8', '??-4705', 'Fisher shire Manufacturer', 'Stamm mouth Model Variant', '2025-06-29 08:02:47', NULL),
('b03c3413-629c-49b7-b909-9a5733bcae19', '??-7838', 'Jaskolski Manufacturer', 'Larson Model Variant', '2024-12-19 08:02:47', NULL),
('a19ba9fd-fa74-4fcc-afe4-159ac639e2d9', '??-6284', 'Kertzmann Manufacturer', 'North Marcos Bartoletti borough Model Variant', '2025-07-16 08:02:47', NULL),
('6a72c526-b55d-412a-8cda-4f816a66fdd8', '??-5814', 'Koelpin Manufacturer', 'Kohler mouth Model Variant', '2025-07-17 08:02:47', NULL),
('2dc5e12f-92b4-44a2-b93d-d9d1d46dac1b', '??-0952', 'Waelchi Manufacturer', 'Deckow Model Variant', '2025-02-17 08:02:47', NULL),
('6a96aee8-9ed1-4ef6-9f02-8c5661e5b549', '??-1026', 'Cruickshank mouth Manufacturer', 'Langosh Model Variant', '2025-10-14 08:02:47', NULL),
('f20d90e9-d171-4bd3-9068-52f7dbb69bb2', '??-3657', 'Bode Manufacturer', 'West Model Variant', '2025-05-09 08:02:47', NULL),
('35d5b131-cad8-4377-b5ab-0082b89a47a8', '??-4535', 'East Jose Gottlieb side Manufacturer', 'Blanda berg Model Variant', '2025-05-03 08:02:47', NULL),
('08e95fc5-f199-4472-a5db-e71e2b099afa', '??-7547', 'Lucienne mouth Manufacturer', 'Huels side Model Variant', '2025-02-26 08:02:47', NULL),
('27f4228b-6132-41ea-85e3-cf7f23fb07b2', '??-1344', 'Skiles town Manufacturer', 'Kulas shire Model Variant', '2025-03-22 08:02:47', NULL),
('f386942f-e5ab-4b72-a5de-2523df73f4d1', '??-8477', 'Rempel Manufacturer', 'Herman borough Model Variant', '2025-10-26 08:02:47', NULL),
('71a9a85b-f2a5-47d4-a11f-28fef3d9e2b0', '??-4385', 'MacGyver shire Manufacturer', 'Greta land Model Variant', '2025-06-17 08:02:47', NULL),
('1ebd0374-bcb5-4b4c-8dec-29aad703205a', '??-1642', 'Kiehn chester Manufacturer', 'Yesenia borough Model Variant', '2024-12-27 08:02:47', NULL),
('004b63ba-00ce-492d-b2e2-35b08503f1e1', '??-3275', 'Cronin Manufacturer', 'Zemlak town Model Variant', '2025-07-18 08:02:47', NULL),
('855b6603-aea3-4976-8eb6-8f4d651d8d56', '??-8885', 'Hertha berg Manufacturer', 'Vandervort haven Model Variant', '2025-11-24 08:02:47', NULL),
('2a029377-e299-47fc-befb-b05f40b22d42', '??-1238', 'Rosetta side Manufacturer', 'Kunze side Model Variant', '2025-05-14 08:02:47', NULL),
('3baaeda9-1f59-439e-ab5d-0dce6a41baa8', '??-4373', 'Hudson Manufacturer', 'Cruickshank Model Variant', '2025-05-05 08:02:47', NULL),
('f3242600-b997-4e1a-b4c1-82870440d7f1', '??-2770', 'Arvel mouth Manufacturer', 'Braun Model Variant', '2025-07-13 08:02:47', NULL),
('62141306-4585-474f-b753-e487d9994845', '??-9472', 'Hegmann bury Manufacturer', 'Willms Model Variant', '2025-06-01 08:02:47', NULL);

-- Data for maintenance_logs
INSERT INTO maintenance_logs (log_id, aircraft_id, mechanic_notes_body, replaced_part_sku, invoice_pdf_path, cost_center_code) VALUES
('f2606956-c401-49bd-ae46-63ed0fd9d6e1', 'ff895a45-deac-4637-85a8-6039ee324e0d', 'est sapiente voluptatem reiciendis deserunt enim tempora.', 'SKU-88743', '/uploads/audio/e4303cc4-a4f6-4acd-8109-d330f97628a3.wav', '??-0126'),
('f15b8752-189f-47ff-a749-22412853b354', '21804bec-afe1-4f6d-9077-b028083c2bfd', 'sunt dolorem nobis architecto quaerat.', 'SKU-44272', '/uploads/audio/d454c469-321e-4e6a-8850-96f16b345615.aac', '??-3862'),
('aac4b6f1-c4dd-485c-878d-3bfa23d404e4', '2e2cd2f4-4983-4f12-8b66-a0f819911706', 'sint et magni non quod laborum vero ducimus.', 'SKU-55892', '/uploads/audio/b64b3f22-a5bd-4f4d-82c0-8ba847ef6108.wav', '??-8010'),
('812d33fd-5029-49ef-b0b1-0002708644c9', '934057ab-9498-4ae0-b973-64d5e9c9882e', 'saepe sint ad non eum est enim et.', 'SKU-40060', '/uploads/audio/56478d41-2226-49e3-9193-41c25f436483.mp3', '??-4892'),
('ba34f150-7d17-4e7f-8646-de368a60e9c1', '9bbf634c-ea8c-4edb-9624-f53d9d782de5', 'placeat quae aperiam ut autem.', 'SKU-91550', '/uploads/audio/053d574b-50f8-4a42-b2c9-9d37c107e7bc.wav', '??-1014'),
('8267344b-111c-447c-86bc-b4a26a3b40bd', '6927362e-3d93-413f-ba17-0556e3bd4aa9', 'odit et laudantium ab id sed minima labore.', 'SKU-59185', '/uploads/audio/a7c937f7-15ed-49de-ac57-214b40acb476.mp3', '??-8107'),
('506181f3-97da-43ce-af2d-3ceba6005370', '8961194a-7822-4b40-9eb9-96c25c99c12d', 'consequatur consectetur nulla nam dicta autem.', 'SKU-62174', '/uploads/audio/02ea8499-ff7e-4778-85b7-e5714b4e841b.wav', '??-4410'),
('1bdee7bc-d40a-4343-80be-a9805d6c32aa', '2a029377-e299-47fc-befb-b05f40b22d42', 'nostrum sed necessitatibus occaecati non harum quibusdam est voluptate sunt saepe error sint itaque.', 'SKU-31701', '/uploads/audio/e63de9cd-c99b-4411-b6f2-9513f884f93d.mp3', '??-2235'),
('a9183bda-e447-4748-a787-722269866527', 'b91ac244-b5e3-4995-9876-c4eaa09a3782', 'error beatae itaque dolore dolor asperiores quisquam laborum placeat aspernatur quo pariatur ut voluptatem.', 'SKU-44289', '/uploads/audio/0b132d03-3cdf-46c4-bd92-bb8450fb7ce2.mp3', '??-4596'),
('76a07181-721e-4d77-b5b7-3ee0fb12afaa', '08c8fd78-5ce6-486e-a334-79a9f0fb24d5', 'sequi quia illum asperiores esse laborum rerum.', 'SKU-51986', '/uploads/audio/5aea51d6-ef02-4fb9-9548-7af873e705d6.wav', '??-3134'),
('3a79b8ba-8f72-4507-bd54-c1ef374ece51', 'f20d90e9-d171-4bd3-9068-52f7dbb69bb2', 'sit eos explicabo dolores delectus itaque nam quae quo non cupiditate voluptatibus officiis rerum.', 'SKU-38617', '/uploads/audio/ba2a8308-d4ab-43c9-ba1f-f5ba8af00de8.mp3', '??-3863'),
('145f4572-dfae-4f71-b0ab-9258920cb6b6', '08e95fc5-f199-4472-a5db-e71e2b099afa', 'nemo fuga veritatis est velit et quae in cum est voluptatem rerum magnam.', 'SKU-30609', '/uploads/audio/d7d42ebe-0494-450e-9254-addf88721b76.aac', '??-7751'),
('def90c04-f9a6-499b-bfcb-8a4d78856ce4', 'ed14d0ea-9aae-4dc5-9cf2-db3e1aa81d5c', 'in odio consequatur qui vitae voluptatem soluta veniam voluptate tempora officiis ipsum quia.', 'SKU-48747', '/uploads/audio/1cc4c980-32bc-45d9-a735-cd09c6bcb665.mp3', '??-7892'),
('6c0d686e-2b6e-474d-af35-97e84212da39', '35d5b131-cad8-4377-b5ab-0082b89a47a8', 'temporibus velit quod fugiat quibusdam voluptatem sed fugiat ducimus maiores ipsa enim in.', 'SKU-79019', '/uploads/audio/b1f6464f-c4e6-4aad-8039-023384bc985c.wav', '??-0871'),
('62fcb7b7-b9bd-422c-816b-992c3a7bfe37', 'baabf15d-b312-49d1-bdb0-4bc10a815d3e', 'quas possimus nulla dolorem omnis fugiat voluptatem.', 'SKU-78122', '/uploads/audio/2090b436-fbf9-4a6a-8d87-f22f45e38c20.aac', '??-7410'),
('83848a9c-5055-4fdc-a1a3-26c4aefea9a7', '1e2d30c0-e24a-4b77-9697-14cfc017d7b6', 'itaque voluptatum autem et qui et qui corporis asperiores ad et et.', 'SKU-48118', '/uploads/audio/ef018902-ef5e-4b87-bc58-b041aad4d1e7.mp3', '??-9856'),
('08a7f62f-2195-4b0a-8115-5324be03bac0', 'f3e9e09c-b16c-405a-aa5d-698fd8f2fa7b', 'explicabo fugiat optio aut eum est voluptates aliquam provident quia fuga et.', 'SKU-51985', '/uploads/audio/ad19e4b0-5628-4e4c-8b3a-a227a69c36f6.aac', '??-4480'),
('f89a54ef-4f5e-478a-90f1-2df9b27bd8e6', '7f931189-c62a-4396-ae00-b4a30e301712', 'non et quasi officia voluptas voluptatem expedita rerum.', 'SKU-95753', '/uploads/audio/aae20ca9-7da9-4d68-bb1d-cfd49144affe.aac', '??-6853'),
('947c2a04-12e4-4990-bbad-cef0f659dce3', '6229818a-79ae-4c4a-baad-c4e10eb2e235', 'minima dolores praesentium corporis tempore ipsum.', 'SKU-91448', '/uploads/audio/2764b3ca-26f5-4e21-874f-022cc1458e8b.aac', '??-2351'),
('07977bf9-55d5-4b21-934c-51370dd78e1d', 'ed8888dd-4213-4504-a2be-77d4e3ee83f0', 'beatae voluptates modi maiores maxime culpa et officiis mollitia dolorem ut sed ea placeat.', 'SKU-77693', '/uploads/audio/869730f8-b65a-433b-881c-a135719e97c2.mp3', '??-6483'),
('99ba94d3-8dbc-491e-a76a-522251a3c5a0', 'a4241309-e150-4952-b018-d41082ced527', 'aperiam ratione et quam natus veniam animi.', 'SKU-01692', '/uploads/audio/8faa6394-31bf-48db-9a76-bda2208b12d0.mp3', '??-4902'),
('4ca17366-0c99-47b9-8bfd-76b6c216f144', 'b43463a9-6756-4a1d-b139-44a03cab6e4f', 'minus harum non blanditiis minima error et nemo pariatur ea ut quis esse.', 'SKU-17268', '/uploads/audio/1cab2673-0bcc-4325-bf33-9eb3a08e23fa.wav', '??-0781'),
('e97d9de2-a595-4eca-b921-d4d7361f8d28', '71a9a85b-f2a5-47d4-a11f-28fef3d9e2b0', 'quis quae autem odit vero ut soluta numquam impedit dolores odit aperiam repudiandae ducimus.', 'SKU-36088', '/uploads/audio/98f4cb7b-a1b0-45d2-a98f-05de3fa85ac8.wav', '??-3549'),
('767e1806-6826-47a2-9848-db3c7a1d9a2a', 'be29959f-99eb-40a3-8104-852e13fcf2f3', 'animi velit atque sed ab harum.', 'SKU-17306', '/uploads/audio/a345f4dd-f708-4d35-81f9-eab0f9136aa8.mp3', '??-7310'),
('82421904-2154-4647-86db-8240cf1d39ef', '84cd14e5-a866-4bf5-9e60-d3a616196518', 'modi atque qui optio ut et quae asperiores non excepturi aut et.', 'SKU-65475', '/uploads/audio/d910bcd3-89aa-4ca2-a9c8-9f68b17d74cd.aac', '??-8174'),
('c13e675d-c84d-4d81-a249-0f1eeb344151', '84cd14e5-a866-4bf5-9e60-d3a616196518', 'sunt commodi beatae accusantium consequuntur modi sed nisi placeat excepturi omnis cumque repudiandae.', 'SKU-09428', '/uploads/audio/d33b2675-00a2-4393-9024-3a6645801f3d.aac', '??-8345'),
('8e2fea87-9b89-41a2-b16b-0c314adf0ce4', 'fd83326d-6313-430f-a2e4-6c1c43b4e85b', 'magni quas facilis sunt molestiae aut quia non incidunt ratione beatae in.', 'SKU-96398', '/uploads/audio/0dc22bb9-166b-4e2f-ac3b-dc88b2cb10a2.wav', '??-0594'),
('41108f0d-1e57-451c-a161-679ba0b42102', 'c2e784cb-31c3-472f-9d34-a3870c88b116', 'ut hic repudiandae consequatur omnis veritatis numquam quis quo nihil facilis ab et ullam.', 'SKU-66516', '/uploads/audio/e376b8a0-7ca7-43fd-9c8a-006fc8b762bc.aac', '??-2260'),
('5f0292a4-ae09-42d8-817d-90355304877e', '944aefb9-51de-4696-8e75-78d3c9252f15', 'reprehenderit quas id voluptatem aut minus nesciunt est sunt dolorem voluptatum fugit.', 'SKU-57116', '/uploads/audio/236fc2e3-5cbc-4e6b-b242-511025741f58.mp3', '??-4772'),
('3392ca9d-523e-4a2b-9db2-95f1c25b2515', '7718ed42-c612-445e-aa3f-ebdd2ec8dd80', 'inventore ea non possimus qui ducimus rem facilis eos.', 'SKU-08468', '/uploads/audio/29c7b83c-3dc0-41aa-91a9-3abf09c91080.wav', '??-5798'),
('dc4d39cf-3ee3-4b53-938e-a08b29ef9eee', '118e27fe-33d2-41ff-b392-83b3f73ad92b', 'ut amet nisi et qui alias repellendus earum ducimus sunt dignissimos.', 'SKU-67765', '/uploads/audio/3adf9b00-8538-4312-b0a4-2bef76842770.mp3', '??-7182'),
('6c11976a-845f-4d2b-9bc1-6c21828496fc', '7f931189-c62a-4396-ae00-b4a30e301712', 'voluptatem esse sunt vero atque non ad vel est provident voluptates explicabo distinctio.', 'SKU-48077', '/uploads/audio/f7f259fb-b59d-45a8-a5dc-ce45d34d71d5.aac', '??-3307'),
('2936b5e1-a28e-42f3-ad31-aba06f6d430d', '7718ed42-c612-445e-aa3f-ebdd2ec8dd80', 'excepturi modi at enim qui et accusantium aut.', 'SKU-43195', '/uploads/audio/55a3b033-85b2-4f9f-a893-bd6e0bfd5441.aac', '??-3256'),
('202861f1-a7e9-40bb-b4c1-682e732f7b39', 'b43463a9-6756-4a1d-b139-44a03cab6e4f', 'voluptatem quibusdam veritatis sint aut quo recusandae dolor odit hic fugiat optio laborum excepturi.', 'SKU-25062', '/uploads/audio/51f1c286-ea27-4dc6-a7b0-228c3c6e586d.aac', '??-6429'),
('ad71449c-fb42-48f2-abf5-24e0c0678022', '2a029377-e299-47fc-befb-b05f40b22d42', 'voluptate nobis placeat et praesentium qui consequatur non.', 'SKU-17841', '/uploads/audio/d9375f62-633e-47b0-9690-6685de913b01.aac', '??-6839'),
('badef9f5-3b13-408c-9ff8-5e28f2d7eb56', '27f4228b-6132-41ea-85e3-cf7f23fb07b2', 'quis ut quia maiores laudantium laborum quaerat laboriosam reiciendis fuga nemo rerum.', 'SKU-16706', '/uploads/audio/5f4babc0-f12a-42a3-b47d-16a9c07117b1.aac', '??-4422'),
('7cd8ce6d-aecb-4ae2-81aa-59cc5f06f790', '8961194a-7822-4b40-9eb9-96c25c99c12d', 'cum et ipsam ex quis perferendis minus ratione.', 'SKU-74544', '/uploads/audio/52e261ed-102d-48ac-8865-c7f34e336ab6.mp3', '??-7551'),
('6e99b975-b305-4c7a-a066-a6fc44928d12', '48dd4313-0b88-4f59-b08a-7bebc306182e', 'distinctio sint fugit ut culpa facilis animi et iste.', 'SKU-18614', '/uploads/audio/3481fb4f-1c9f-4f33-93fb-7f64cc261ebc.wav', '??-8207'),
('c0fcc8ad-c2ea-4241-8a3b-e11ef67132b4', 'a19ba9fd-fa74-4fcc-afe4-159ac639e2d9', 'eius vel accusantium quia ex enim odio et illum.', 'SKU-20883', '/uploads/audio/9fb3a907-70f8-4e26-914d-adda897ef978.wav', '??-0038'),
('36acada1-9d5e-40d7-8e55-63a8b8d46371', 'e9e5e973-9bcf-46b9-91c6-402c9ea37725', 'in dolor voluptas alias nulla dolorem assumenda qui magnam autem et error illum perspiciatis.', 'SKU-77689', '/uploads/audio/2d6917e3-0d20-4ec7-80a7-a4a40ee92a68.mp3', '??-0716'),
('8851c6ce-fc59-4015-bb8d-7415d9227a0b', 'd70f4874-573d-4209-9502-62f0bb0e3df8', 'praesentium omnis iste est qui corrupti ab.', 'SKU-18642', '/uploads/audio/b03ed147-7713-485e-9558-081545ce85e9.mp3', '??-9194'),
('39b62695-0a07-4917-ab8b-e52015e40834', '08e95fc5-f199-4472-a5db-e71e2b099afa', 'illum maiores dolores odio fugit dolores quas ratione.', 'SKU-80953', '/uploads/audio/f2c7dbb5-aae6-4857-a30f-2aa191fceeb3.aac', '??-5870'),
('a8c15f05-00f7-4330-8a5a-df90dbed73fd', '2faf49f6-b894-4d2a-b46a-ee4b9cf405fb', 'labore voluptas quisquam odit neque optio dolore et nesciunt eaque facilis aut aut tempore.', 'SKU-88598', '/uploads/audio/2d117bcd-9f7f-406d-bc4f-18194e784e99.aac', '??-0267'),
('51470dff-7549-4348-bd1f-67798084e323', '01df28fc-e638-4a18-ae60-b23ff50344fa', 'qui dolor culpa sit quia laborum qui ratione qui.', 'SKU-62419', '/uploads/audio/d665b8c0-6d58-4576-bf8b-173b341e5c6b.wav', '??-4274'),
('1b45ca50-ce7b-4a8a-a638-2e600d01df14', '62141306-4585-474f-b753-e487d9994845', 'eos ipsa eos eligendi ad enim minima sit voluptatem ipsam quidem adipisci.', 'SKU-34213', '/uploads/audio/71360d79-6983-4093-af85-48c34253e36d.wav', '??-2409'),
('5c879b82-a66c-4b3d-83ba-808eb96d71ae', 'f3242600-b997-4e1a-b4c1-82870440d7f1', 'et debitis modi nobis facere exercitationem.', 'SKU-50608', '/uploads/audio/a88c6e25-326f-4b35-b885-0589c254b914.wav', '??-0278'),
('41cba8f6-4880-48b1-a94e-674f462f7cbd', '99ab02bb-d5b0-4dbc-934e-cf46873ceafc', 'nobis eligendi quia consequatur dolores dolor voluptates ratione esse et ut reiciendis.', 'SKU-69235', '/uploads/audio/e0f5b985-157e-49ca-b4f0-e4934ba391a4.mp3', '??-2896'),
('6463bb26-ad8c-458a-a72d-109c7d39e55c', 'b03c3413-629c-49b7-b909-9a5733bcae19', 'cumque sapiente nam sit velit corrupti et enim saepe.', 'SKU-29697', '/uploads/audio/fb240ab0-6f21-4bf2-8d60-59228025ec83.aac', '??-9076'),
('847e0c2f-7bb4-4ff4-86db-ae05d0a93406', '6a72c526-b55d-412a-8cda-4f816a66fdd8', 'neque ut consequuntur possimus et non.', 'SKU-18034', '/uploads/audio/27f01b43-d082-464f-8935-082499aa05ab.mp3', '??-8260'),
('43ca387a-def0-49a5-9496-77d8637853eb', 'f3242600-b997-4e1a-b4c1-82870440d7f1', 'ad dolores voluptate sit omnis laborum adipisci.', 'SKU-18268', '/uploads/audio/4159276f-1e80-48e2-a28e-cc4b8ecc9d60.mp3', '??-1882'),
('7e57b57b-51c9-42ea-983f-186b0d36ef4f', '69294f7e-c385-4637-838d-9defb5c6fc65', 'fugiat at sint eum aut blanditiis.', 'SKU-89728', '/uploads/audio/58d8b1b9-1813-4568-b123-7ec52054db52.wav', '??-2247'),
('c82c0d35-9f48-4b45-81ce-e2480672a9b0', '9bc1a71c-d4fd-4913-81c9-1366170f6cd0', 'quia nam necessitatibus eaque blanditiis odio deserunt id minus quis esse aut ex omnis.', 'SKU-89048', '/uploads/audio/2e35ef6b-dc58-44d6-8de7-436428c190e3.aac', '??-0255'),
('c30681cb-745e-4278-944a-e498cced55b2', '1e6e955f-dd44-472e-8074-c595f5805738', 'et est itaque asperiores eligendi quibusdam.', 'SKU-01180', '/uploads/audio/93a502d1-5143-41d2-ad41-4445e4659b86.mp3', '??-1964'),
('503d8b3a-9822-459d-b3ae-8cb48549b001', '8961194a-7822-4b40-9eb9-96c25c99c12d', 'non blanditiis fugiat ipsum exercitationem incidunt ea sed.', 'SKU-02739', '/uploads/audio/fef4514f-4eab-45e7-9305-e4fc4924bef7.wav', '??-9220'),
('54b7fc01-f0f6-47a4-b17f-0c4eb22a702a', '08c8fd78-5ce6-486e-a334-79a9f0fb24d5', 'aut vel quisquam molestias a.', 'SKU-10956', '/uploads/audio/0b2148b9-d735-4ffb-8719-54da6a9f4b03.mp3', '??-1968'),
('f60e477f-99d8-47b1-8c9c-856d14c0d1e4', '0decb5ae-a254-4121-ac71-781339b1f276', 'odit quos quasi a praesentium itaque quibusdam temporibus quae corporis omnis.', 'SKU-15046', '/uploads/audio/ab70c55d-3951-4f1b-97da-4f5ca705958d.aac', '??-7363'),
('1c962e85-680d-49cf-ba38-3df103adbfb9', '1e2d30c0-e24a-4b77-9697-14cfc017d7b6', 'accusamus sint quisquam sunt quos perferendis provident consequatur.', 'SKU-27940', '/uploads/audio/6995caac-759d-4aa2-85b2-9d5ca39dbe93.aac', '??-3091'),
('2bb64949-9471-44e1-9964-ad07f09f78e5', '1e6e955f-dd44-472e-8074-c595f5805738', 'eius facilis laboriosam assumenda deleniti qui quidem eum aliquam consectetur beatae rerum.', 'SKU-73340', '/uploads/audio/18cb70ac-7e3e-4f95-a2ae-be58bb4960e3.aac', '??-4248'),
('bc9d2cc2-02ca-4482-a0c8-266a98650cc2', 'cc8cac59-3a0f-4b24-b87f-a0778b7db875', 'sed voluptates error voluptate itaque labore aperiam.', 'SKU-34107', '/uploads/audio/f5f2ec78-7cad-4250-ba3f-e959fa4bab5a.mp3', '??-0446'),
('343816c4-ea6f-4feb-8791-20aeca04b388', 'ba694ed0-e357-49aa-804a-53418c9fd497', 'est enim ullam quis id dolorem sint molestiae voluptatem totam ab et corporis nam.', 'SKU-15918', '/uploads/audio/5fa79b32-9443-4b53-b542-b93893d223ae.mp3', '??-7894'),
('20b691da-ec43-4cf7-b75b-92f96a405ad2', '8b908d49-fe4c-4be2-bf76-12cfaaa3b250', 'qui provident non non doloremque.', 'SKU-14103', '/uploads/audio/63736486-54af-4812-adb4-d39d7c3f6c35.wav', '??-0290'),
('44b36ef6-5dab-43ff-b110-f127f46ebba8', 'ff895a45-deac-4637-85a8-6039ee324e0d', 'ea commodi dolorum sunt tempore harum architecto perspiciatis ducimus magnam ex quos blanditiis.', 'SKU-69618', '/uploads/audio/626cce97-1ab8-4192-962c-a400539c084a.mp3', '??-5381'),
('c4e13fd9-124f-43ba-ad66-8ae950e08a0f', '5e612822-375d-4272-9fff-a21159847d6b', 'possimus ut ducimus rerum alias officia autem nostrum beatae incidunt mollitia corrupti.', 'SKU-49010', '/uploads/audio/2a66a692-56f0-4bbc-adf6-f01adb4d09b5.aac', '??-5115'),
('473d2c0d-36a5-45a4-b355-19e050b8b028', '71a9a85b-f2a5-47d4-a11f-28fef3d9e2b0', 'neque voluptatem dolorem dolorum consectetur eius.', 'SKU-89483', '/uploads/audio/bf3c8c7e-d99c-4ac7-9459-5afc782809c2.aac', '??-6980'),
('574e3652-5547-40d3-bf08-9bef258b4281', '1494a824-a043-4f23-b9ef-0705727b35d0', 'ut suscipit aspernatur ullam laborum beatae porro placeat veniam ut laudantium ea illum.', 'SKU-95534', '/uploads/audio/652bdf3a-1f57-4e42-83f2-e359c439b50f.wav', '??-0129'),
('e2e01cb9-1b2f-4f23-be11-d079691a16d4', '68a32b00-3ad4-40f5-a311-e6ab67fbc097', 'cum recusandae laboriosam incidunt et autem est minus.', 'SKU-22729', '/uploads/audio/1cb82065-73da-4d7c-9193-9e23c9763820.wav', '??-7042'),
('6d21f469-9d29-42d5-a616-df89eadc5d11', 'f3e9e09c-b16c-405a-aa5d-698fd8f2fa7b', 'natus doloribus delectus asperiores eos illo nemo architecto fuga molestiae odit ut molestiae ipsa.', 'SKU-62593', '/uploads/audio/f2af238d-2540-4a4a-8f49-0b966c5d48b1.wav', '??-6394'),
('e95afb14-51ed-49f8-93fd-59224c7175a4', '11b70569-8b9c-47c4-8bae-8ba7d1e69b00', 'ea saepe at porro officia esse quia tempora quod.', 'SKU-38447', '/uploads/audio/1ddd2e89-7371-46c6-94cc-ede07c003810.wav', '??-1673'),
('f318fcfa-f84b-4758-9880-1c13bb1a43ab', '27f4228b-6132-41ea-85e3-cf7f23fb07b2', 'dolorem nisi error eaque sed non deleniti necessitatibus quaerat fuga dignissimos ex nobis ad.', 'SKU-10071', '/uploads/audio/fcc4f195-27c9-4bd4-944b-e3bcf634a000.mp3', '??-7477'),
('bb56915a-00b6-4f45-b6f2-16560b93252b', 'b03c3413-629c-49b7-b909-9a5733bcae19', 'sapiente eos et rem excepturi quod maiores voluptatum.', 'SKU-91757', '/uploads/audio/b33145fd-45ea-47e7-a773-c7ec424b5f90.mp3', '??-2114'),
('dbcf0e3e-61b4-40b7-aa0b-4e0913f68c87', '09b0e344-334e-4110-bd6a-2f5095ca1302', 'doloribus eum voluptate necessitatibus qui perspiciatis inventore nam aut quisquam dicta necessitatibus assumenda eos.', 'SKU-70010', '/uploads/audio/f0e39847-b7df-40b1-ba06-ab89bc0f1b64.mp3', '??-2945'),
('efa96c5c-4189-4f52-851c-d1504429d68c', 'e1a7d9a4-3bff-4e20-be20-5106e9535ecd', 'rerum ut non cupiditate quia modi cumque nihil libero non blanditiis labore vero.', 'SKU-50365', '/uploads/audio/69dc22f9-4708-4f82-b60d-269e005527f2.aac', '??-8833'),
('40ea8fa0-3e41-4556-89ef-d4ecdfdd52e8', 'a4241309-e150-4952-b018-d41082ced527', 'labore saepe repellat aut quibusdam et eaque a iure atque voluptatum repudiandae.', 'SKU-22108', '/uploads/audio/2c65254b-c9a2-4395-82f7-e50631cfb255.mp3', '??-5533'),
('de0373f6-da22-45fe-932c-a5c222e470ef', 'c0d717d4-e260-4fa3-a78a-6eec7145ba4f', 'facere sunt placeat est et fugiat ut aut harum.', 'SKU-07915', '/uploads/audio/57b353d8-ad8e-43b4-94ba-285e2549eb6b.wav', '??-2036'),
('9c412636-970a-47c5-8cef-224bf1cf20a0', '08c8fd78-5ce6-486e-a334-79a9f0fb24d5', 'suscipit dolorem ea totam non ut qui dolores sunt.', 'SKU-80630', '/uploads/audio/ecdf4225-1f59-42a2-9b4c-62937f509756.mp3', '??-9901'),
('e7121e16-56d2-4f5d-ab32-a12deea33230', 'f542147f-419d-4ad5-9fb2-d14e6b086b18', 'iste dolor odio voluptatum dolore.', 'SKU-74651', '/uploads/audio/625a28a1-be65-4b87-9bc1-b13fc79ae967.mp3', '??-1285'),
('34428d20-6722-4f05-b494-52bfd162fd63', '3bb88cff-05ee-4752-8800-a69e410814c7', 'nisi cupiditate laborum ducimus molestiae odio et dolor soluta voluptatum distinctio.', 'SKU-29768', '/uploads/audio/0eef20f6-eaaf-43d3-aa32-ee4f5ea0e059.mp3', '??-3720'),
('a2a8c992-0772-4580-b845-f8d0d9988c46', 'b03c3413-629c-49b7-b909-9a5733bcae19', 'itaque fugit quia quia itaque minima facere quo itaque.', 'SKU-92740', '/uploads/audio/444d712d-4faa-4e6c-b7b1-fef0955c1b0f.wav', '??-8575'),
('52f0a6ff-9475-4702-bd5b-dc44136ee711', '668e97d6-5561-4bb5-85fb-7a07c00f89b8', 'occaecati dolor consectetur ducimus eveniet ad unde et totam adipisci at.', 'SKU-96494', '/uploads/audio/81f750ca-e455-4f91-b051-d46b082614f8.aac', '??-9354'),
('9658e735-9cf1-43c6-b686-e43191e59dde', 'b43463a9-6756-4a1d-b139-44a03cab6e4f', 'eius aperiam fugit qui voluptates quisquam assumenda expedita expedita sed qui hic aspernatur dolores.', 'SKU-67653', '/uploads/audio/f4bfedf1-69e0-4563-9e86-7157c035a1cd.mp3', '??-7772'),
('57419136-d7fc-4c0b-98e4-732703ce4b77', 'ff895a45-deac-4637-85a8-6039ee324e0d', 'et cum amet est dolorum temporibus eveniet et perferendis reiciendis nemo praesentium est.', 'SKU-09494', '/uploads/audio/85bda8db-a84e-4e6a-905f-cadc6a1866cb.mp3', '??-9262'),
('1928ef49-9e1a-456f-8862-e4594010bbe8', '83067e61-b2f3-4552-8c05-887cb7923a57', 'ad aut iusto nulla ab veniam velit omnis et velit quia ducimus deserunt officiis.', 'SKU-65216', '/uploads/audio/4ef630fa-ee3a-4ccb-a7de-af4698d023fb.wav', '??-1236'),
('29ef697e-cf08-4ff0-a728-4afa69174187', '484ed4a5-f647-4984-b188-18929f283dd8', 'vero et perspiciatis autem iusto est sequi cupiditate.', 'SKU-38344', '/uploads/audio/afbcb3c6-fce7-44a0-9246-5852d7d1c6af.mp3', '??-0021'),
('4362d5d0-a0e1-480d-9d1c-96df0d56e70c', '7f931189-c62a-4396-ae00-b4a30e301712', 'minima explicabo est est cumque mollitia reprehenderit rerum vero quis in tempora at facere.', 'SKU-63271', '/uploads/audio/00fa2681-11c4-4a57-8f3d-889548f282f5.wav', '??-3201'),
('67e40f90-809d-4f83-b24f-d9bdf7cebb04', '18334188-fa2e-49f2-b928-1e65db9d09bb', 'illo officiis aliquam ut laboriosam et.', 'SKU-83783', '/uploads/audio/1f46d55b-37ed-4cdc-9c2b-6a26e47fa2d8.wav', '??-8682'),
('9e3bd256-3f8c-45e1-8dd7-33bc3d80119e', '2faf49f6-b894-4d2a-b46a-ee4b9cf405fb', 'itaque sit aut fuga et consequatur ad numquam velit.', 'SKU-53684', '/uploads/audio/bd1cb30a-f01a-4a2b-a1cc-859346548b00.aac', '??-0970'),
('536a32fb-15f3-4919-a3a1-944b86ab2756', '69294f7e-c385-4637-838d-9defb5c6fc65', 'est illum voluptatum praesentium nulla blanditiis earum reiciendis delectus eveniet et aut doloremque.', 'SKU-37714', '/uploads/audio/2500975d-f963-49aa-ac08-be04731bf5db.mp3', '??-4475'),
('10fad04f-7374-40f3-b260-0239f9819910', '48dd4313-0b88-4f59-b08a-7bebc306182e', 'quo voluptatem quia recusandae porro assumenda aliquid qui quasi porro eos totam tempora.', 'SKU-12519', '/uploads/audio/e7c34017-5120-482f-8dd5-9fc1d68f4616.wav', '??-2809'),
('00d34a3e-88d8-44e2-864d-9f816463035a', '8b908d49-fe4c-4be2-bf76-12cfaaa3b250', 'aut quo soluta illo officiis qui ullam saepe est ex placeat accusamus ut.', 'SKU-80150', '/uploads/audio/9df025f9-117f-4990-b398-b7ee49641675.wav', '??-3678'),
('7bdf762e-5145-4f51-8159-7702fe460804', '7718ed42-c612-445e-aa3f-ebdd2ec8dd80', 'aut qui possimus quod asperiores qui a delectus modi dolores quae.', 'SKU-08433', '/uploads/audio/6cde4618-9c6b-4d07-9049-0e04cb402d7d.aac', '??-1157'),
('f80a4334-1fd2-4f45-8eb3-f0976100de01', 'f5ce367f-7c30-45b3-87a9-dd7277c24f40', 'dolorem repudiandae vitae aut ad ab assumenda rerum rerum facere minima quia.', 'SKU-92056', '/uploads/audio/a7dd9e83-c02f-48a2-8756-785a8949b044.aac', '??-9200'),
('5d9da5ff-9aeb-4f5f-8d3f-b701bacc85f8', '21804bec-afe1-4f6d-9077-b028083c2bfd', 'odio quas voluptatibus rerum non.', 'SKU-77683', '/uploads/audio/9bae4a6a-64df-41ff-97bd-b3c1321091cd.aac', '??-9947'),
('d1abead0-aa8e-4d5a-bd84-ec249dd34f0d', 'f386942f-e5ab-4b72-a5de-2523df73f4d1', 'repellendus ipsam quis numquam aperiam rem est eos quisquam.', 'SKU-70167', '/uploads/audio/b8afe62b-e171-4941-8d52-0c734e66ce6d.aac', '??-0525'),
('8654cc76-efa3-4d80-8540-29ccbee619c2', '27f4228b-6132-41ea-85e3-cf7f23fb07b2', 'quisquam labore voluptate assumenda consequatur voluptatibus repellendus accusamus et voluptatum nesciunt.', 'SKU-80713', '/uploads/audio/70606270-49ca-47bc-b407-ab72afd1c922.mp3', '??-6368'),
('f8708b7a-9b1f-425c-bf82-07e6b261970e', '6a96aee8-9ed1-4ef6-9f02-8c5661e5b549', 'molestiae voluptatum quisquam ipsam dolorem voluptas cum debitis sint debitis recusandae.', 'SKU-07966', '/uploads/audio/96102fc0-6d9f-4da2-9bc5-4fed409e2efb.aac', '??-2011'),
('c13e5bd7-2472-43ba-aa9f-9cb849604b58', 'f1bb574a-ae84-4a68-9078-5516712983a1', 'nulla voluptatem aspernatur sunt soluta et aliquam non hic qui beatae suscipit in asperiores.', 'SKU-33820', '/uploads/audio/e0cd473d-6983-49d0-a45f-8f5fdddb720e.mp3', '??-7166'),
('7e2ac40f-8503-44e9-a5e6-888a79c01b45', '84cd14e5-a866-4bf5-9e60-d3a616196518', 'voluptate sapiente qui animi laudantium fugit facilis enim consequatur nulla quaerat enim nisi.', 'SKU-78310', '/uploads/audio/9997e10e-5516-4c56-b496-608c984a89f2.aac', '??-3799'),
('9ee60019-9c87-47dd-b58d-ee6f271023e7', '99ab02bb-d5b0-4dbc-934e-cf46873ceafc', 'eligendi sed libero omnis perspiciatis excepturi cumque aut ex omnis dolores aut.', 'SKU-46778', '/uploads/audio/4e363489-c1d7-4c02-b54e-440b5faf73d6.mp3', '??-2626'),
('54af6be7-69fc-4d0b-8800-5b9fa0348bea', '6927362e-3d93-413f-ba17-0556e3bd4aa9', 'sed nisi cupiditate et quae dolore nisi aut amet.', 'SKU-66127', '/uploads/audio/60258778-0926-4e84-9729-379df484d9e6.aac', '??-7387'),
('287c98ec-1567-4a63-a158-05837e8867ad', '7718ed42-c612-445e-aa3f-ebdd2ec8dd80', 'nostrum quis est autem ut inventore et omnis quidem ex quia minus.', 'SKU-18276', '/uploads/audio/7ccbd3b1-5f34-4951-89da-5ec81bccff0d.mp3', '??-8808');

-- Data for airports
INSERT INTO airports (airport_id, airport_facility_name, iata_code, control_tower_freq, geo_latitude, geo_longitude, is_international) VALUES
(213, 'West Ali Nolan furt Airport Facility', '??-5340', 765.70, '2025-03-27 08:02:47', 99.77, '2024-12-16 08:02:47'),
(632, 'Jacobi Airport Facility', '??-0161', 238.45, '2025-10-19 08:02:47', 322.78, '2025-06-22 08:02:47'),
(262, 'DuBuque Airport Facility', '??-1363', 592.94, '2024-12-20 08:02:47', 90.00, '2025-06-13 08:02:47'),
(992, 'Lind fort Airport Facility', '??-6514', 945.87, '2025-07-05 08:02:47', 87.06, '2024-12-30 08:02:47'),
(655, 'Brakus Airport Facility', '??-6298', 596.42, '2025-07-02 08:02:47', 316.29, '2024-12-11 08:02:47'),
(128, 'Iva bury Airport Facility', '??-6533', 976.22, '2025-08-11 08:02:47', 103.53, '2024-12-13 08:02:47'),
(185, 'Christiansen burgh Airport Facility', '??-4742', 128.43, '2025-11-15 08:02:47', 233.92, '2025-01-29 08:02:47'),
(534, 'Gerlach land Airport Facility', '??-2327', 72.65, '2025-09-11 08:02:47', 959.24, '2025-07-30 08:02:47'),
(884, 'Spinka haven Airport Facility', '??-8649', 723.55, '2025-07-30 08:02:47', 134.14, '2025-04-07 08:02:47'),
(282, 'Wunsch haven Airport Facility', '??-1165', 761.95, '2025-01-06 08:02:47', 286.56, '2024-12-03 08:02:47'),
(638, 'McGlynn mouth Airport Facility', '??-6561', 517.62, '2025-11-22 08:02:47', 8.54, '2025-10-01 08:02:47'),
(289, 'Hermann furt Airport Facility', '??-2978', 484.22, '2025-10-28 08:02:47', 150.67, '2025-10-30 08:02:47'),
(34, 'Pouros ville Airport Facility', '??-7756', 822.45, '2025-05-07 08:02:47', 219.27, '2025-01-31 08:02:47'),
(677, 'Nathan town Airport Facility', '??-0105', 378.46, '2025-03-29 08:02:47', 782.77, '2025-01-01 08:02:47'),
(533, 'Hermiston Airport Facility', '??-8535', 832.88, '2025-04-29 08:02:47', 262.37, '2025-04-20 08:02:47'),
(168, 'Rohan bury Airport Facility', '??-5439', 850.24, '2025-01-26 08:02:47', 31.63, '2025-04-15 08:02:47'),
(202, 'Farrell ton Airport Facility', '??-3539', 764.70, '2025-03-06 08:02:47', 779.83, '2025-11-21 08:02:47'),
(445, 'Crooks chester Airport Facility', '??-3388', 979.19, '2025-06-13 08:02:47', 46.77, '2025-01-07 08:02:47'),
(926, 'O''Kon Airport Facility', '??-7658', 290.91, '2025-02-10 08:02:47', 539.14, '2025-10-29 08:02:47'),
(558, 'Cronin Airport Facility', '??-7214', 77.76, '2025-06-02 08:02:47', 559.50, '2025-09-06 08:02:47'),
(23, 'Fay shire Airport Facility', '??-1109', 686.60, '2025-09-29 08:02:47', 330.07, '2025-08-03 08:02:47'),
(637, 'Sawayn port Airport Facility', '??-9340', 759.98, '2025-04-07 08:02:47', 340.42, '2025-09-18 08:02:47'),
(396, 'Gorczany stad Airport Facility', '??-9256', 75.05, '2025-01-20 08:02:47', 572.71, '2025-04-04 08:02:47'),
(616, 'Marks Airport Facility', '??-0780', 115.03, '2024-12-26 08:02:47', 225.65, '2025-03-31 08:02:47'),
(510, 'Morar shire Airport Facility', '??-4263', 476.02, '2025-09-29 08:02:47', 628.66, '2025-09-19 08:02:47'),
(148, 'Schuster chester Airport Facility', '??-7466', 233.32, '2025-02-20 08:02:47', 718.23, '2025-08-19 08:02:47'),
(609, 'Port Juanita Roberts borough Airport Facility', '??-3707', 911.16, '2025-01-03 08:02:47', 611.20, '2025-09-23 08:02:47'),
(22, 'Howell mouth Airport Facility', '??-4915', 230.60, '2025-03-07 08:02:47', 794.00, '2025-01-21 08:02:47'),
(894, 'Klocko berg Airport Facility', '??-5530', 541.48, '2025-01-19 08:02:47', 956.14, '2025-09-17 08:02:47'),
(41, 'Olson berg Airport Facility', '??-8261', 182.83, '2025-04-15 08:02:47', 893.12, '2025-10-16 08:02:47'),
(664, 'Dibbert berg Airport Facility', '??-7863', 126.61, '2025-11-18 08:02:47', 836.19, '2025-08-03 08:02:47'),
(805, 'Strosin haven Airport Facility', '??-4887', 323.87, '2025-08-31 08:02:47', 257.97, '2024-11-28 08:02:47'),
(803, 'New Blaze Nitzsche bury Airport Facility', '??-5819', 400.93, '2025-02-06 08:02:47', 552.97, '2025-06-10 08:02:47'),
(389, 'Stamm stad Airport Facility', '??-7788', 680.70, '2025-06-08 08:02:47', 49.38, '2025-01-15 08:02:47'),
(395, 'Tremblay Airport Facility', '??-9555', 781.11, '2025-09-08 08:02:47', 409.67, '2025-10-14 08:02:47'),
(207, 'Brakus Airport Facility', '??-0228', 234.62, '2025-10-14 08:02:47', 202.36, '2025-06-30 08:02:47'),
(716, 'Hand chester Airport Facility', '??-2370', 896.53, '2025-04-05 08:02:47', 143.67, '2025-10-29 08:02:47'),
(160, 'Hirthe Airport Facility', '??-3084', 436.02, '2025-11-17 08:02:47', 560.65, '2025-08-09 08:02:47'),
(222, 'Padberg mouth Airport Facility', '??-6867', 841.69, '2025-04-02 08:02:47', 105.25, '2025-06-24 08:02:47'),
(408, 'Bergnaum Airport Facility', '??-1015', 207.59, '2025-08-06 08:02:47', 512.32, '2025-07-19 08:02:47'),
(935, 'Corwin Airport Facility', '??-9402', 223.71, '2025-06-21 08:02:47', 657.28, '2025-08-30 08:02:47'),
(986, 'Breitenberg Airport Facility', '??-5378', 158.39, '2025-03-08 08:02:47', 895.49, '2024-12-29 08:02:47'),
(679, 'Rey shire Airport Facility', '??-1816', 105.19, '2025-05-23 08:02:47', 614.60, '2025-07-12 08:02:47'),
(329, 'Kautzer burgh Airport Facility', '??-5400', 61.62, '2025-05-15 08:02:47', 175.13, '2025-09-12 08:02:47'),
(821, 'Leuschke Airport Facility', '??-7411', 609.78, '2025-06-23 08:02:47', 598.62, '2025-08-08 08:02:47'),
(378, 'Denesik shire Airport Facility', '??-5942', 461.70, '2025-09-18 08:02:47', 163.76, '2025-05-29 08:02:47'),
(567, 'Mueller furt Airport Facility', '??-0696', 195.11, '2025-03-04 08:02:47', 270.44, '2025-02-06 08:02:47'),
(589, 'Zulauf Airport Facility', '??-8940', 929.95, '2025-11-15 08:02:47', 72.26, '2025-08-16 08:02:47'),
(629, 'Harber Airport Facility', '??-4740', 501.88, '2025-04-30 08:02:47', 550.64, '2025-07-06 08:02:47'),
(843, 'Treutel town Airport Facility', '??-3476', 658.92, '2025-05-04 08:02:47', 395.83, '2025-02-27 08:02:47'),
(603, 'Tromp Airport Facility', '??-7059', 395.37, '2025-03-10 08:02:47', 529.27, '2025-07-26 08:02:47'),
(795, 'Filiberto bury Airport Facility', '??-6193', 467.21, '2025-03-08 08:02:47', 595.01, '2025-05-17 08:02:47'),
(877, 'Spencer town Airport Facility', '??-2591', 859.44, '2025-07-11 08:02:47', 329.54, '2025-08-31 08:02:47'),
(237, 'Lake Felton Ryan berg Airport Facility', '??-9592', 493.15, '2025-01-04 08:02:47', 464.28, '2025-10-27 08:02:47'),
(263, 'Parisian Airport Facility', '??-8817', 979.31, '2025-03-25 08:02:47', 975.40, '2025-06-05 08:02:47'),
(329, 'Hoeger ville Airport Facility', '??-4437', 291.52, '2025-10-10 08:02:47', 444.09, '2025-09-08 08:02:47'),
(127, 'Yost Airport Facility', '??-9930', 609.15, '2025-08-10 08:02:47', 503.05, '2025-08-24 08:02:47'),
(539, 'Russel Airport Facility', '??-7327', 676.10, '2025-03-08 08:02:47', 189.59, '2025-08-09 08:02:47'),
(5, 'Hilll shire Airport Facility', '??-2875', 759.24, '2025-01-23 08:02:47', 659.68, '2025-07-29 08:02:47'),
(332, 'Daniel Airport Facility', '??-6451', 277.26, '2025-05-22 08:02:47', 557.24, '2025-10-25 08:02:47'),
(320, 'Claire port Airport Facility', '??-4374', 967.17, '2025-05-20 08:02:47', 288.29, '2025-09-05 08:02:47'),
(215, 'Gaylord Airport Facility', '??-4341', 937.77, '2025-05-01 08:02:47', 42.27, '2025-02-22 08:02:47'),
(40, 'Zena mouth Airport Facility', '??-1776', 733.03, '2025-04-19 08:02:47', 221.44, '2025-02-02 08:02:47'),
(802, 'Marshall fort Airport Facility', '??-6861', 944.11, '2025-06-09 08:02:47', 585.83, '2025-10-10 08:02:47'),
(284, 'Jones Airport Facility', '??-2582', 661.19, '2025-04-19 08:02:47', 66.19, '2025-07-04 08:02:47'),
(351, 'Emile stad Airport Facility', '??-3158', 577.27, '2025-08-13 08:02:47', 545.94, '2025-08-04 08:02:47'),
(466, 'Elisabeth shire Airport Facility', '??-5589', 450.00, '2025-06-27 08:02:47', 894.14, '2025-07-30 08:02:47'),
(731, 'Watsica Airport Facility', '??-5970', 883.57, '2025-08-13 08:02:47', 164.22, '2025-09-23 08:02:47'),
(321, 'Hayes view Airport Facility', '??-5605', 871.96, '2024-12-18 08:02:47', 73.96, '2025-11-18 08:02:47'),
(873, 'Aufderhar haven Airport Facility', '??-4024', 535.25, '2025-06-05 08:02:47', 393.26, '2025-11-08 08:02:47'),
(947, 'Jerde fort Airport Facility', '??-6663', 924.94, '2025-08-31 08:02:47', 384.51, '2025-01-10 08:02:47'),
(956, 'Gislason Airport Facility', '??-6129', 701.06, '2025-09-01 08:02:47', 572.24, '2025-11-11 08:02:47'),
(187, 'Bins Airport Facility', '??-2038', 775.77, '2025-04-29 08:02:47', 776.74, '2025-03-13 08:02:47'),
(915, 'Stroman ton Airport Facility', '??-6789', 399.47, '2025-04-23 08:02:47', 716.84, '2024-12-25 08:02:47'),
(444, 'Metz berg Airport Facility', '??-4983', 567.04, '2025-08-26 08:02:47', 274.61, '2025-01-04 08:02:47'),
(326, 'Kassulke land Airport Facility', '??-1941', 366.81, '2025-04-24 08:02:47', 326.90, '2025-04-10 08:02:47'),
(98, 'Koelpin shire Airport Facility', '??-7019', 959.64, '2025-06-18 08:02:47', 894.39, '2025-11-10 08:02:47'),
(760, 'Carter Airport Facility', '??-5750', 292.20, '2025-05-24 08:02:47', 239.94, '2025-09-04 08:02:47'),
(690, 'Kohler fort Airport Facility', '??-8437', 663.50, '2025-03-03 08:02:47', 173.87, '2025-10-28 08:02:47'),
(743, 'Sauer Airport Facility', '??-6617', 393.36, '2024-12-30 08:02:47', 171.89, '2025-05-04 08:02:47'),
(154, 'Hyatt Airport Facility', '??-8307', 518.13, '2025-04-30 08:02:47', 140.61, '2025-01-01 08:02:47'),
(469, 'Dibbert Airport Facility', '??-6549', 509.17, '2024-11-29 08:02:47', 864.30, '2025-10-24 08:02:47'),
(670, 'Conroy Airport Facility', '??-5664', 831.78, '2025-06-23 08:02:47', 930.53, '2025-02-11 08:02:47'),
(810, 'Kilback port Airport Facility', '??-9961', 669.95, '2025-10-31 08:02:47', 463.94, '2025-10-01 08:02:47'),
(473, 'West Jennings VonRueden bury Airport Facility', '??-7339', 724.99, '2025-09-19 08:02:47', 639.74, '2025-02-13 08:02:47'),
(102, 'North Kassandra Rath chester Airport Facility', '??-3301', 783.83, '2025-08-18 08:02:47', 746.13, '2025-09-01 08:02:47'),
(254, 'Beer Airport Facility', '??-1267', 323.29, '2025-09-29 08:02:47', 886.63, '2025-03-29 08:02:47'),
(667, 'Gibson Airport Facility', '??-1858', 780.81, '2025-04-15 08:02:47', 648.05, '2025-10-18 08:02:47'),
(976, 'Turner view Airport Facility', '??-7205', 528.22, '2025-07-07 08:02:47', 776.76, '2025-11-12 08:02:47'),
(828, 'Skiles Airport Facility', '??-5721', 731.48, '2025-05-18 08:02:47', 179.45, '2025-04-30 08:02:47'),
(573, 'Lake Jamel Rowe stad Airport Facility', '??-8733', 898.92, '2025-06-23 08:02:47', 600.17, '2025-01-07 08:02:47'),
(106, 'Price furt Airport Facility', '??-5198', 22.19, '2025-08-31 08:02:47', 945.49, '2025-02-12 08:02:47'),
(415, 'Huel Airport Facility', '??-2768', 702.47, '2024-12-13 08:02:47', 581.08, '2025-07-06 08:02:47'),
(13, 'Armstrong ville Airport Facility', '??-0107', 985.47, '2025-07-21 08:02:47', 488.60, '2025-10-30 08:02:47'),
(49, 'Willms mouth Airport Facility', '??-0097', 574.53, '2025-04-27 08:02:47', 227.99, '2025-03-10 08:02:47'),
(504, 'Lueilwitz Airport Facility', '??-8264', 510.58, '2025-02-06 08:02:47', 726.49, '2025-07-14 08:02:47'),
(234, 'Marvin Airport Facility', '??-3955', 880.14, '2025-04-15 08:02:47', 564.28, '2025-09-02 08:02:47'),
(338, 'East Marisa Jones side Airport Facility', '??-6679', 849.25, '2025-01-09 08:02:47', 572.77, '2025-07-17 08:02:47'),
(924, 'New Callie Veum burgh Airport Facility', '??-9448', 439.39, '2025-03-06 08:02:47', 804.70, '2025-05-26 08:02:47'),
(374, 'Homenick Airport Facility', '??-9980', 743.85, '2025-08-08 08:02:47', 738.54, '2025-02-25 08:02:47');

-- Data for flight_schedules
INSERT INTO flight_schedules (flight_id, flight_code, aircraft_id, origin_airport_id, dest_airport_id, departure_time, arrival_time, route_distance_km) VALUES
(210, '??-7954', 'fad38482-a18d-4455-a88b-73402991e0e8', 215, 655, '2025-05-14 08:02:47', '2025-03-26 08:02:47', 154),
(942, '??-6491', '855b6603-aea3-4976-8eb6-8f4d651d8d56', 351, 338, '2025-10-06 08:02:47', '2025-05-13 08:02:47', 634),
(579, '??-3930', '5815cb2f-ab2a-4b9a-a734-4f623bce6144', 168, 329, '2025-06-20 08:02:47', '2025-08-07 08:02:47', 632),
(31, '??-9585', '99ab02bb-d5b0-4dbc-934e-cf46873ceafc', 926, 573, '2024-11-30 08:02:47', '2025-03-07 08:02:47', 292),
(71, '??-2020', '6229818a-79ae-4c4a-baad-c4e10eb2e235', 677, 282, '2025-05-05 08:02:47', '2025-10-25 08:02:47', 419),
(726, '??-8667', '7718ed42-c612-445e-aa3f-ebdd2ec8dd80', 670, 320, '2025-01-09 08:02:47', '2024-12-31 08:02:47', 884),
(788, '??-0669', 'f37a1431-56bb-4358-b199-761d3a8a684b', 237, 284, '2025-10-18 08:02:47', '2025-06-28 08:02:47', 546),
(974, '??-9063', 'ed14d0ea-9aae-4dc5-9cf2-db3e1aa81d5c', 22, 415, '2024-12-20 08:02:47', '2025-04-03 08:02:47', 827),
(159, '??-2219', 'b91ac244-b5e3-4995-9876-c4eaa09a3782', 396, 160, '2024-12-19 08:02:47', '2025-07-13 08:02:47', 948),
(397, '??-3715', 'da4af092-74f5-4224-aa77-7a1d8316b2e0', 795, 445, '2025-01-01 08:02:47', '2025-05-23 08:02:47', 848),
(765, '??-0221', 'd30c0152-20ca-49ff-b427-9ab1ebdff399', 573, 128, '2025-11-23 08:02:47', '2024-12-18 08:02:47', 76),
(985, '??-3288', '01df28fc-e638-4a18-ae60-b23ff50344fa', 664, 609, '2025-11-01 08:02:47', '2025-01-31 08:02:47', 584),
(418, '??-4454', '004b63ba-00ce-492d-b2e2-35b08503f1e1', 947, 795, '2025-10-13 08:02:47', '2025-05-17 08:02:47', 954),
(78, '??-1111', 'bc3d276f-d035-4a28-9f07-748be244a473', 828, 321, '2025-10-04 08:02:47', '2025-07-02 08:02:47', 780),
(918, '??-6975', 'ff895a45-deac-4637-85a8-6039ee324e0d', 567, 128, '2025-08-31 08:02:47', '2025-06-04 08:02:47', 590),
(57, '??-2804', '1e6e955f-dd44-472e-8074-c595f5805738', 378, 466, '2024-12-20 08:02:47', '2025-02-19 08:02:47', 93),
(502, '??-5639', '6a96aee8-9ed1-4ef6-9f02-8c5661e5b549', 567, 664, '2025-11-15 08:02:47', '2025-04-13 08:02:47', 239),
(923, '??-8080', '83067e61-b2f3-4552-8c05-887cb7923a57', 802, 877, '2025-05-11 08:02:47', '2025-07-23 08:02:47', 328),
(273, '??-4922', 'e9e5e973-9bcf-46b9-91c6-402c9ea37725', 828, 589, '2025-05-22 08:02:47', '2025-01-02 08:02:47', 118),
(373, '??-8341', '0decb5ae-a254-4121-ac71-781339b1f276', 374, 408, '2025-03-03 08:02:47', '2025-10-11 08:02:47', 673),
(959, '??-9997', '01df28fc-e638-4a18-ae60-b23ff50344fa', 40, 49, '2025-05-17 08:02:47', '2025-08-19 08:02:47', 552),
(354, '??-9429', 'ed8888dd-4213-4504-a2be-77d4e3ee83f0', 956, 743, '2025-03-15 08:02:47', '2025-09-01 08:02:47', 79),
(601, '??-5657', 'a4241309-e150-4952-b018-d41082ced527', 677, 760, '2025-01-15 08:02:47', '2025-03-04 08:02:47', 744),
(722, '??-8596', 'fd83326d-6313-430f-a2e4-6c1c43b4e85b', 558, 98, '2025-05-15 08:02:47', '2025-08-08 08:02:47', 766),
(713, '??-5351', '11b51ca0-8830-40ea-9c92-bcc3938ce23c', 894, 351, '2025-06-30 08:02:47', '2025-06-10 08:02:47', 196),
(393, '??-0497', 'da4af092-74f5-4224-aa77-7a1d8316b2e0', 23, 329, '2025-08-06 08:02:47', '2025-05-29 08:02:47', 579),
(321, '??-5488', '7718ed42-c612-445e-aa3f-ebdd2ec8dd80', 637, 23, '2025-04-03 08:02:47', '2025-03-27 08:02:47', 97),
(426, '??-2101', '11b70569-8b9c-47c4-8bae-8ba7d1e69b00', 679, 444, '2025-06-26 08:02:47', '2025-06-02 08:02:47', 138),
(152, '??-7950', 'f3242600-b997-4e1a-b4c1-82870440d7f1', 803, 533, '2025-04-27 08:02:47', '2025-07-05 08:02:47', 516),
(701, '??-8257', '09b0e344-334e-4110-bd6a-2f5095ca1302', 573, 760, '2025-08-21 08:02:47', '2025-07-04 08:02:47', 497),
(486, '??-7309', '62141306-4585-474f-b753-e487d9994845', 947, 926, '2025-02-05 08:02:47', '2025-10-09 08:02:47', 394),
(539, '??-7371', '3dbdf300-407e-4501-89e0-92b057081a30', 40, 670, '2025-01-27 08:02:47', '2025-06-26 08:02:47', 221),
(423, '??-3448', 'b0dde5bb-d375-4e47-b76e-01671fd6b34e', 34, 40, '2025-10-20 08:02:47', '2025-09-10 08:02:47', 178),
(373, '??-0740', '35d5b131-cad8-4377-b5ab-0082b89a47a8', 473, 679, '2025-06-06 08:02:47', '2025-03-30 08:02:47', 105),
(598, '??-2206', '004b63ba-00ce-492d-b2e2-35b08503f1e1', 986, 40, '2025-03-25 08:02:47', '2025-02-18 08:02:47', 894),
(476, '??-0216', '48dd4313-0b88-4f59-b08a-7bebc306182e', 263, 408, '2025-07-21 08:02:47', '2025-08-24 08:02:47', 848),
(432, '??-0430', '384acae9-4330-4976-a3c4-8595310a9654', 603, 22, '2025-10-12 08:02:47', '2025-10-01 08:02:47', 442),
(586, '??-9079', '3bb88cff-05ee-4752-8800-a69e410814c7', 664, 802, '2025-08-10 08:02:47', '2025-10-31 08:02:47', 143),
(151, '??-4068', '6a72c526-b55d-412a-8cda-4f816a66fdd8', 237, 102, '2025-01-26 08:02:47', '2025-06-01 08:02:47', 57),
(994, '??-8080', '6927362e-3d93-413f-ba17-0556e3bd4aa9', 679, 894, '2025-03-15 08:02:47', '2025-05-08 08:02:47', 351),
(990, '??-3897', '2faf49f6-b894-4d2a-b46a-ee4b9cf405fb', 760, 408, '2025-06-09 08:02:47', '2025-05-30 08:02:47', 404),
(916, '??-5025', '0decb5ae-a254-4121-ac71-781339b1f276', 877, 329, '2025-04-28 08:02:47', '2024-12-21 08:02:47', 146),
(872, '??-1797', 'cee8a217-963c-4870-ad0d-b0a6f28653c3', 558, 828, '2025-11-21 08:02:47', '2025-04-23 08:02:47', 257),
(501, '??-2869', 'd30c0152-20ca-49ff-b427-9ab1ebdff399', 894, 935, '2025-04-27 08:02:47', '2025-05-19 08:02:47', 633),
(618, '??-6968', '08e95fc5-f199-4472-a5db-e71e2b099afa', 743, 41, '2025-11-07 08:02:47', '2025-06-02 08:02:47', 673),
(279, '??-7105', '35d5b131-cad8-4377-b5ab-0082b89a47a8', 289, 679, '2025-11-23 08:02:47', '2024-12-01 08:02:47', 774),
(940, '??-4763', '0ee817b9-a523-4a04-85b1-49a1bae0509d', 469, 632, '2025-10-20 08:02:47', '2025-10-06 08:02:47', 487),
(716, '??-3045', '08e95fc5-f199-4472-a5db-e71e2b099afa', 215, 213, '2025-08-24 08:02:47', '2025-04-30 08:02:47', 707),
(489, '??-8105', 'd30c0152-20ca-49ff-b427-9ab1ebdff399', 926, 237, '2025-02-07 08:02:47', '2025-10-25 08:02:47', 301),
(412, '??-0294', '7718ed42-c612-445e-aa3f-ebdd2ec8dd80', 679, 329, '2025-08-01 08:02:47', '2025-08-14 08:02:47', 524),
(692, '??-7520', '84cd14e5-a866-4bf5-9e60-d3a616196518', 102, 690, '2024-11-30 08:02:47', '2025-05-10 08:02:47', 294),
(275, '??-5975', 'd30c0152-20ca-49ff-b427-9ab1ebdff399', 976, 884, '2025-07-17 08:02:47', '2025-05-24 08:02:47', 422),
(674, '??-5533', '0decb5ae-a254-4121-ac71-781339b1f276', 976, 976, '2025-10-21 08:02:47', '2025-08-08 08:02:47', 573),
(745, '??-5225', 'bc17ac7c-c9a0-42af-901f-4e2eae857530', 510, 947, '2025-09-12 08:02:47', '2025-07-16 08:02:47', 661),
(552, '??-9331', '68a32b00-3ad4-40f5-a311-e6ab67fbc097', 810, 148, '2025-05-20 08:02:47', '2025-01-09 08:02:47', 783),
(80, '??-3545', '9bbf634c-ea8c-4edb-9624-f53d9d782de5', 655, 148, '2025-10-31 08:02:47', '2025-02-12 08:02:47', 273),
(283, '??-1302', 'b91ac244-b5e3-4995-9876-c4eaa09a3782', 632, 632, '2025-05-14 08:02:47', '2025-04-07 08:02:47', 427),
(282, '??-6196', '944aefb9-51de-4696-8e75-78d3c9252f15', 976, 533, '2025-11-02 08:02:47', '2025-01-12 08:02:47', 184),
(867, '??-1260', 'da4af092-74f5-4224-aa77-7a1d8316b2e0', 632, 374, '2024-12-04 08:02:47', '2025-11-21 08:02:47', 612),
(898, '??-8395', '01df28fc-e638-4a18-ae60-b23ff50344fa', 926, 947, '2025-05-10 08:02:47', '2025-04-01 08:02:47', 693),
(157, '??-6817', '2dc5e12f-92b4-44a2-b93d-d9d1d46dac1b', 670, 351, '2025-06-29 08:02:47', '2025-10-01 08:02:47', 713),
(156, '??-1182', '68a32b00-3ad4-40f5-a311-e6ab67fbc097', 743, 679, '2025-10-17 08:02:47', '2025-05-09 08:02:47', 829),
(351, '??-9786', '09b0e344-334e-4110-bd6a-2f5095ca1302', 215, 947, '2025-04-12 08:02:47', '2025-03-26 08:02:47', 45),
(593, '??-6569', 'ed8888dd-4213-4504-a2be-77d4e3ee83f0', 282, 638, '2025-04-11 08:02:47', '2025-11-18 08:02:47', 136),
(180, '??-6400', '62141306-4585-474f-b753-e487d9994845', 664, 444, '2025-04-04 08:02:47', '2025-05-16 08:02:47', 629),
(82, '??-1503', '11b70569-8b9c-47c4-8bae-8ba7d1e69b00', 374, 894, '2025-07-30 08:02:47', '2025-10-19 08:02:47', 878),
(807, '??-9099', '28d2c0c4-6664-4025-9a47-fdbd704a5f1c', 655, 263, '2024-12-21 08:02:47', '2025-06-08 08:02:47', 41),
(883, '??-6838', 'f386942f-e5ab-4b72-a5de-2523df73f4d1', 573, 573, '2025-01-09 08:02:47', '2025-06-23 08:02:47', 652),
(66, '??-5043', '9bbf634c-ea8c-4edb-9624-f53d9d782de5', 326, 731, '2025-01-26 08:02:47', '2024-12-22 08:02:47', 545),
(867, '??-0059', '9bbf634c-ea8c-4edb-9624-f53d9d782de5', 282, 504, '2025-02-28 08:02:47', '2025-08-21 08:02:47', 657),
(259, '??-8039', '794e5296-6398-4391-9231-4c8fb2373204', 986, 321, '2025-10-16 08:02:47', '2025-10-08 08:02:47', 502),
(491, '??-6483', '11b70569-8b9c-47c4-8bae-8ba7d1e69b00', 690, 821, '2025-03-29 08:02:47', '2025-01-18 08:02:47', 329),
(596, '??-9494', 'cb99c089-3c8d-4fd8-9c59-1ea5b501ed98', 374, 534, '2025-09-06 08:02:47', '2025-09-21 08:02:47', 458),
(30, '??-2023', 'f1bb574a-ae84-4a68-9078-5516712983a1', 128, 637, '2024-12-27 08:02:47', '2025-11-19 08:02:47', 776),
(123, '??-9011', '11b70569-8b9c-47c4-8bae-8ba7d1e69b00', 187, 396, '2025-06-19 08:02:47', '2025-07-15 08:02:47', 310),
(662, '??-6899', '118e27fe-33d2-41ff-b392-83b3f73ad92b', 5, 168, '2025-04-10 08:02:47', '2025-05-05 08:02:47', 271),
(88, '??-3217', '1494a824-a043-4f23-b9ef-0705727b35d0', 213, 415, '2025-01-20 08:02:47', '2025-01-19 08:02:47', 788),
(440, '??-6639', 'cc8cac59-3a0f-4b24-b87f-a0778b7db875', 445, 510, '2025-03-04 08:02:47', '2025-08-13 08:02:47', 332),
(899, '??-9103', '2faf49f6-b894-4d2a-b46a-ee4b9cf405fb', 329, 106, '2025-02-13 08:02:47', '2025-01-30 08:02:47', 660),
(246, '??-9426', '0decb5ae-a254-4121-ac71-781339b1f276', 234, 573, '2024-11-26 08:02:47', '2025-05-08 08:02:47', 243),
(745, '??-3836', '1e2d30c0-e24a-4b77-9697-14cfc017d7b6', 473, 802, '2025-06-25 08:02:47', '2025-05-23 08:02:47', 381),
(407, '??-3055', '668e97d6-5561-4bb5-85fb-7a07c00f89b8', 329, 445, '2025-09-04 08:02:47', '2025-01-14 08:02:47', 244),
(179, '??-0339', '35d5b131-cad8-4377-b5ab-0082b89a47a8', 986, 351, '2025-01-19 08:02:47', '2025-07-17 08:02:47', 819),
(131, '??-6764', 'e1a7d9a4-3bff-4e20-be20-5106e9535ecd', 237, 603, '2024-12-24 08:02:47', '2025-08-31 08:02:47', 983),
(6, '??-7702', '84cd14e5-a866-4bf5-9e60-d3a616196518', 321, 609, '2025-03-13 08:02:47', '2025-07-23 08:02:47', 942),
(267, '??-8776', '71a9a85b-f2a5-47d4-a11f-28fef3d9e2b0', 22, 374, '2025-03-16 08:02:47', '2025-04-04 08:02:47', 936),
(909, '??-9059', '1494a824-a043-4f23-b9ef-0705727b35d0', 510, 533, '2025-05-03 08:02:47', '2025-07-28 08:02:47', 739),
(463, '??-9608', 'd30c0152-20ca-49ff-b427-9ab1ebdff399', 810, 616, '2025-11-13 08:02:47', '2025-07-10 08:02:47', 46),
(780, '??-2732', '8da72768-47b6-434c-8d1d-48813b16c6fd', 282, 986, '2025-01-04 08:02:47', '2025-09-30 08:02:47', 225),
(644, '??-3010', '2dc5e12f-92b4-44a2-b93d-d9d1d46dac1b', 415, 127, '2025-01-13 08:02:47', '2025-02-23 08:02:47', 527),
(918, '??-1361', 'f386942f-e5ab-4b72-a5de-2523df73f4d1', 894, 389, '2025-08-19 08:02:47', '2025-06-20 08:02:47', 507),
(875, '??-6213', 'b43463a9-6756-4a1d-b139-44a03cab6e4f', 444, 329, '2025-07-17 08:02:47', '2024-12-29 08:02:47', 96),
(840, '??-7135', '384acae9-4330-4976-a3c4-8595310a9654', 338, 670, '2025-03-28 08:02:47', '2025-03-07 08:02:47', 197),
(788, '??-9925', '2faf49f6-b894-4d2a-b46a-ee4b9cf405fb', 760, 629, '2025-11-10 08:02:47', '2025-05-29 08:02:47', 720),
(467, '??-2985', '934057ab-9498-4ae0-b973-64d5e9c9882e', 289, 444, '2024-12-10 08:02:47', '2025-06-19 08:02:47', 364),
(893, '??-0205', '69294f7e-c385-4637-838d-9defb5c6fc65', 222, 924, '2025-08-11 08:02:47', '2025-09-04 08:02:47', 183),
(159, '??-1280', '944aefb9-51de-4696-8e75-78d3c9252f15', 473, 408, '2025-04-25 08:02:47', '2024-12-12 08:02:47', 268),
(57, '??-9125', '1494a824-a043-4f23-b9ef-0705727b35d0', 655, 148, '2025-11-10 08:02:47', '2025-04-04 08:02:47', 561),
(313, '??-0099', '9bc1a71c-d4fd-4913-81c9-1366170f6cd0', 148, 13, '2025-05-21 08:02:47', '2025-08-14 08:02:47', 492),
(275, '??-4767', '1ebd0374-bcb5-4b4c-8dec-29aad703205a', 160, 637, '2025-07-14 08:02:47', '2025-08-25 08:02:47', 708);

-- Data for incident_reports
INSERT INTO incident_reports (report_id, flight_id, incident_summary, cctv_footage_path, severity_category, investigator_name) VALUES
('8946e1fb-2eae-48ff-9e00-582bb993d92f', 396, 'necessitatibus distinctio beatae aut earum rerum illo aspernatur et eos omnis accusantium.', '/uploads/video/66a80f31-a6bd-4b47-8ab1-f06362d77896.mp4', 'ut perspiciatis aut voluptatem', 'Orn Investigator'),
('cbad18a1-7393-49ad-984e-6de1a6da37ed', '855b6603-aea3-4976-8eb6-8f4d651d8d56', 'mollitia minima molestiae consequatur dolore cumque id beatae sequi.', '/uploads/video/4225c05e-3393-4a18-99a5-f2f094c2663d.webm', 'ut nostrum quibusdam', 'Auer Investigator'),
('43affe57-7ef0-497b-9303-086542cbc09a', 6, 'pariatur quos non cupiditate ab harum.', '/uploads/video/1b4b431f-b6f1-45b2-b197-ed01bcc3eac4.mov', 'in enim', 'Lake Caesar Douglas town Investigator'),
('b4777aac-97c8-4ae8-9be9-8b8f561c1e30', 894, 'vitae explicabo doloribus repellendus consectetur dignissimos in sed quaerat ut.', '/uploads/video/65b95966-f918-45b9-92de-c6be4945f1bf.avi', 'commodi ad molestiae', 'Kerluke furt Investigator'),
('6065686a-47f1-4f2d-a489-301dc50dae15', '855b6603-aea3-4976-8eb6-8f4d651d8d56', 'sint deleniti beatae possimus quae vel quis id consequuntur.', '/uploads/video/2f275ff0-40af-4e05-b2e7-66c522d532a4.mp4', 'soluta expedita eaque perferendis', 'Nakia borough Investigator'),
('10cbc769-de3a-46b6-a18a-c6be504fd412', '84cd14e5-a866-4bf5-9e60-d3a616196518', 'quia quo similique rerum autem repellendus facere ut commodi.', '/uploads/video/e035906e-b48c-4655-8f8b-fc67ed6f8b9d.mkv', 'doloremque voluptatibus rerum corporis', 'Jaime berg Investigator'),
('f457b951-3edb-4adf-bf5f-78c8819f61bf', 259, 'ea enim debitis consequatur quia ut sint quia nihil.', '/uploads/video/3c2b403b-ccec-40c3-b107-e06ba76d6c20.mov', 'nesciunt incidunt', 'Runolfsdottir Investigator'),
('e1858006-00b5-4ff6-8dc0-6f553b13dd65', 679, 'nesciunt est non voluptas quam ab id.', '/uploads/video/dad53ec4-a28a-495c-923f-4659f1a094a4.webm', 'corporis saepe distinctio voluptas', 'Lind borough Investigator'),
('f78315f4-4bf2-46fe-af04-b67369af2b29', 722, 'vel perferendis similique sit molestiae et nesciunt quidem quos nemo autem quia aliquam.', '/uploads/video/68c82e19-1bd2-42b7-8c75-1070c5e547fd.avi', 'nisi praesentium', 'Wilderman bury Investigator'),
('7750546b-d32a-4a2b-ae67-ab6256dc3758', 947, 'aut saepe repellat exercitationem ab laboriosam dolorem harum sit voluptatem omnis doloremque quia optio.', '/uploads/video/c2a750dd-aecb-4240-a5ee-7185b81eae98.webm', 'ipsa rerum rem omnis', 'Stroman burgh Investigator'),
('be22004a-223b-41ab-bb9e-f22968c046bc', '01df28fc-e638-4a18-ae60-b23ff50344fa', 'nesciunt neque id corporis odio et omnis dicta officia autem nobis numquam culpa.', '/uploads/video/a4302ebb-8880-499d-a610-eb9ca862402b.mkv', 'veritatis sed ad', 'Ebert Investigator'),
('921bdbad-8eed-47a9-9507-8ba6f7b0dfb6', 151, 'voluptate in ut molestiae dolor in officiis.', '/uploads/video/50760466-b38f-4771-8675-0040419cfee9.mp4', 'quisquam voluptatibus', 'Mills bury Investigator'),
('6aaba787-0336-4481-a68d-0c7f8321ec12', 533, 'corporis adipisci culpa vel et aliquid illo voluptate quis veritatis autem.', '/uploads/video/55cf7c09-ccec-4c8a-963b-abcb16a2a373.mov', 'sapiente ut', 'O''Connell Investigator'),
('a324bdc2-2796-410c-954c-950a7601bf42', 894, 'consequatur assumenda qui non unde natus eius explicabo.', '/uploads/video/cf63b60c-bc97-4b35-8a77-46d230f34596.webm', 'reiciendis ullam delectus', 'Evalyn berg Investigator'),
('d72d4acc-e14b-434d-aa0a-e2e21d3f2978', '2dc5e12f-92b4-44a2-b93d-d9d1d46dac1b', 'error enim quis esse consequatur iste expedita enim accusamus qui.', '/uploads/video/06e88ae8-2828-4bd3-8465-4c6a09249813.mp4', 'dolorum voluptate qui et', 'Ratke town Investigator'),
('a9fbe7a7-ccb9-4d12-aca4-ea6a058f0c75', 976, 'iusto beatae consequatur modi qui delectus incidunt aut aut itaque et rerum doloremque accusantium.', '/uploads/video/573aca0c-b3f3-4ad1-af3d-80d4b77c9efb.mkv', 'ipsa occaecati dolor ut', 'Kuphal mouth Investigator'),
('bc4814c6-de5f-4525-8f7c-479680deb7af', '3dbdf300-407e-4501-89e0-92b057081a30', 'vitae molestiae omnis debitis eius quam eligendi.', '/uploads/video/bbd85db6-2167-4694-b46e-3e74d9b1d6c6.mov', 'dolor quia neque', 'McKenzie mouth Investigator'),
('69132fbd-08a4-4fec-9d58-a106b8d39308', 128, 'quis facere ut aliquid perspiciatis quod dolorum quia aut dolor itaque molestias labore.', '/uploads/video/a5b3c6ef-da9b-4622-8802-55aa3430518b.mov', 'quasi voluptas iusto', 'DuBuque Investigator'),
('a10cae64-53f5-4f6f-b300-6681a715d858', 329, 'accusamus alias nam sint aliquid sint perferendis quia distinctio consequatur porro qui atque placeat.', '/uploads/video/2cda9e6a-58a1-4f87-ac33-8ada4874c77b.mkv', 'et harum velit', 'Blick port Investigator'),
('36c70f7e-de31-4366-a4cd-74d47218d6a1', 609, 'voluptatem saepe in nihil esse culpa impedit adipisci sequi sequi et perspiciatis dolor maxime.', '/uploads/video/9145e905-8aa8-4f5e-bb22-00ac45e3949a.mov', 'quam quisquam', 'Farrell Investigator'),
('953dd534-40f7-45c2-8994-b3d1f7a99401', 432, 'reprehenderit soluta delectus in laudantium a nemo omnis doloremque.', '/uploads/video/c6caa7f8-7b89-429c-b64f-422223bd8a1c.avi', 'unde minus', 'Balistreri town Investigator'),
('1e771c91-73e5-470e-ad62-c1600f6bca0e', 533, 'sint quae voluptatibus qui ea dolores id eum vero maiores.', '/uploads/video/cafe48b6-c489-4d1c-a258-77492cd91dfc.mkv', 'optio voluptatem velit autem', 'Jaskolski ville Investigator'),
('70e4c68c-cdcf-451c-9011-ff4f113cf1ef', 374, 'aspernatur rerum aut sapiente nisi ut.', '/uploads/video/19e2f8f6-1eb7-4992-87fa-cee716379aae.webm', 'sit quo doloribus quis', 'Beer town Investigator'),
('d08d92ed-f76b-40c1-83ee-693ab547c750', 180, 'aut impedit modi dolorem officiis quae.', '/uploads/video/520ead52-0944-420b-bb33-08eb242ef9e0.avi', 'voluptatum vel similique nulla', 'Friesen Investigator'),
('4921d1c7-cc48-4b8b-b237-b63978b49075', 'bc17ac7c-c9a0-42af-901f-4e2eae857530', 'a hic minima sit a ipsam dolore labore similique veritatis.', '/uploads/video/7c9ac2c7-ae88-4d50-9393-74c7c3f527ce.mp4', 'numquam quia odit in', 'Karson furt Investigator'),
('bfffbcdc-769c-4b50-ae16-715446464da8', 374, 'quasi dolorem qui eius dolore laudantium.', '/uploads/video/03f12c5f-544f-4f9d-b29f-cd36ad54a966.avi', 'qui consequuntur', 'North Icie Heidenreich furt Investigator'),
('1e92cea2-c31b-46c7-b126-6dc3a0e80bae', 128, 'et rem harum tenetur odio porro dolores iure vero explicabo maxime.', '/uploads/video/f2e03c9f-62e1-4088-bc7d-67d90e90c2bd.mp4', 'ex dicta', 'Heller port Investigator'),
('6fbf69a4-80bf-4e8c-afd1-cc91d5e6949f', 894, 'pariatur id quo necessitatibus sint aliquid et libero qui.', '/uploads/video/0406505e-3d11-4717-825c-02325d4addd1.mkv', 'reprehenderit iure id accusantium', 'Runte Investigator'),
('71745bcf-d232-48b7-8658-4b0467142568', 351, 'dolores eum aut et non eveniet amet.', '/uploads/video/753f716d-a1f2-48d6-835f-281ea67b495e.mov', 'neque sequi nesciunt', 'Cecile chester Investigator'),
('2eb4fa51-2b7b-49c0-88c8-410c9a270d88', 237, 'quia et itaque quia quis ut quibusdam aspernatur et voluptatem tempore voluptates corporis.', '/uploads/video/d87e42ca-8b35-4229-81c5-0295a660c2e9.webm', 'repellat est aut', 'Port Weston Gibson mouth Investigator'),
('255bc318-3914-4bda-949e-d20156fb806c', 567, 'explicabo est esse accusamus amet saepe sit voluptatem voluptatum.', '/uploads/video/782419fa-314e-45fa-98c6-46533b94e5f7.webm', 'vitae laudantium perspiciatis omnis', 'Zboncak mouth Investigator'),
('2c10d768-262c-49d6-a8a0-0d6581e129ea', 215, 'eligendi fugit architecto qui consectetur voluptatem.', '/uploads/video/1766264f-5d4d-4b57-a1b3-84c683793b04.mp4', 'natus voluptate', 'Tristin shire Investigator'),
('a434658a-c7e7-44a0-8f7a-cda72be9ea3b', 533, 'vel voluptas ut voluptatem deserunt omnis consequatur asperiores alias amet id et ut.', '/uploads/video/bdb71789-0683-48b7-b817-3119d05f789c.mov', 'non soluta', 'Beier Investigator'),
('2a94f7eb-75e2-40e3-9c73-9223eeecaf56', '11b70569-8b9c-47c4-8bae-8ba7d1e69b00', 'corrupti reiciendis voluptate dicta adipisci non.', '/uploads/video/dc0e6549-301c-410b-af75-88168113b3c3.webm', 'voluptatem cumque', 'Port Bethany Osinski port Investigator'),
('8d36fc7e-fb86-46b4-9c7a-55a75f4ee93a', 374, 'consectetur voluptas sit perspiciatis qui est ab quia ipsa molestiae vel repellendus.', '/uploads/video/fb794579-543e-4a58-ac8a-4d6c72ab761d.webm', 'fuga debitis quo et', 'Greenholt Investigator'),
('a72e48c3-28d9-471c-b7d5-8308a4cc4129', 41, 'aperiam ex neque sed assumenda unde ea mollitia qui temporibus incidunt laudantium deserunt dignissimos.', '/uploads/video/101de74a-0a70-4701-8286-91c784eec8bf.avi', 'et ea tenetur sit', 'Alejandra stad Investigator'),
('21f71841-9112-4e8c-9caa-d362f7565cba', 533, 'molestiae qui eius et aliquid in et itaque vitae nulla assumenda dolor ab harum.', '/uploads/video/7bdee6e1-4c4d-4aff-af80-340639d7cf8c.mp4', 'error sed ut', 'Lynch Investigator'),
('f7447409-3374-43f9-a9b1-06ff5ead4cf1', '11b51ca0-8830-40ea-9c92-bcc3938ce23c', 'doloremque ut dignissimos excepturi autem sapiente quidem quia.', '/uploads/video/126de482-cba8-4b52-8f13-046f002244b3.webm', 'qui illum', 'Bahringer Investigator'),
('9450d6f1-9288-4d9a-b928-d503d10009a9', 259, 'labore officiis mollitia fuga temporibus recusandae quas at distinctio et architecto quae.', '/uploads/video/65f27f74-7656-498d-833d-a4cd9cf28cec.webm', 'quidem eaque', 'Herta shire Investigator'),
('8f217deb-f6b7-42d3-a63e-9296637f1c0c', 489, 'repellat est exercitationem architecto sapiente corporis.', '/uploads/video/3390b5d4-49be-4397-a58e-18e1748d3155.webm', 'est doloremque qui', 'North Cynthia McGlynn berg Investigator'),
('23dad7a7-132e-46c7-8edb-05f6ac3345ba', 466, 'eum vel temporibus minus impedit porro aut dolorem saepe velit voluptates debitis.', '/uploads/video/77017d35-5ec0-4ad2-80e1-64a2acf08204.mov', 'iste ut qui', 'Caesar port Investigator'),
('cc85c389-75a2-4b95-80f0-fbba1e34c8f2', 463, 'aut a laboriosam aliquam impedit asperiores ut non facilis odio error porro.', '/uploads/video/58f323b3-19db-46a0-b6a9-f5728d4e726b.mp4', 'est quis id', 'McLaughlin mouth Investigator'),
('128eb5fb-2330-485c-965d-6aec403328e8', 632, 'voluptatem mollitia repudiandae minima odio consequatur dolorem architecto et est cum quisquam consequatur tempora.', '/uploads/video/fc714b8f-3797-4a65-a124-17f153d6f052.mp4', 'beatae consequuntur', 'Nienow port Investigator'),
('ac6870b6-e435-4f31-b147-362b305f5556', '08e95fc5-f199-4472-a5db-e71e2b099afa', 'vitae omnis optio sunt quos quisquam dolor.', '/uploads/video/7931190f-5631-40c0-8618-5f9c858983a4.mkv', 'beatae qui occaecati velit', 'Kiehn berg Investigator'),
('98ab192a-252a-4785-9f9a-6d7e533a21d6', '7718ed42-c612-445e-aa3f-ebdd2ec8dd80', 'consequatur ullam molestias quia culpa.', '/uploads/video/93dbc175-650f-4192-9a6f-036717a4b57b.mov', 'iure molestiae ratione odio', 'Haley Investigator'),
('c46c0788-f0f9-4195-96e2-9cf2a37a04a1', 502, 'libero ipsam maxime est id laboriosam autem.', '/uploads/video/6ab9446b-2b32-4d78-8267-3ed452ee866b.webm', 'totam quis autem', 'Walter Investigator'),
('c8960a16-39da-498f-ac6d-7bb7e4ea5b28', 160, 'mollitia facere doloremque assumenda voluptas non repellendus aliquid veritatis dolores iusto velit similique.', '/uploads/video/4751af9b-914c-4e50-8c4d-c99693fa6cf4.mkv', 'qui sed fuga', 'McKenzie Investigator'),
('c456b824-cc48-4cf6-b11d-0cb076b88444', 168, 'cumque minima ipsam fuga non saepe autem dignissimos animi cum itaque ipsa dolorem nostrum.', '/uploads/video/2a4327ac-0874-4468-b107-7f412e7ed221.webm', 'fugiat ipsam ut sequi', 'Windler Investigator'),
('f7a92eb3-9593-4a15-abaa-9493ae8dc77c', 215, 'autem aut amet quasi molestias tempora quia rerum recusandae molestiae corrupti.', '/uploads/video/d6f6f7d1-2ee8-4b4c-8fe1-5ca7ed16d60c.webm', 'aut ab amet', 'Kilback view Investigator'),
('a6fde9bc-0387-4c35-b1f5-d7b0709d5431', 148, 'expedita qui et rerum minima ut in nihil aspernatur.', '/uploads/video/63ab6bda-9091-47e7-977b-fe0deacb34bd.avi', 'delectus sunt', 'Schuster view Investigator'),
('df23db51-5950-4fda-9fd0-75fe0f285b2c', 942, 'laborum atque fugiat cupiditate voluptatem amet dolores aperiam.', '/uploads/video/cc032eb9-1f10-401c-bdb5-ab0e37255579.webm', 'tenetur similique eaque aut', 'Wuckert Investigator'),
('9b837513-6247-4397-8cc2-da232f285eb6', '35d5b131-cad8-4377-b5ab-0082b89a47a8', 'sint quod vitae natus consequatur blanditiis voluptates vero.', '/uploads/video/94159e7a-20a0-49f4-9cc9-b82ea1e356f6.webm', 'enim molestiae', 'Kuvalis Investigator'),
('4a4dd39e-fd7f-4bab-af7b-b7d542841d7b', 289, 'et voluptatem officia quibusdam amet voluptate maiores nulla qui voluptatem ducimus quisquam mollitia.', '/uploads/video/9577e7f4-04e6-4e2b-932e-f0a3164d7837.mov', 'adipisci cumque repudiandae est', 'Tyrique ton Investigator'),
('669b3f1f-d3ca-409f-944d-3e5e41f3457a', 131, 'sit esse animi debitis est placeat.', '/uploads/video/c3647f36-f324-4d59-b8d7-96bcf46284af.avi', 'iste alias et', 'Brekke side Investigator'),
('665fba94-7ef1-41f7-8982-78e77d4f884e', 237, 'rerum laudantium laborum libero quo aut ut amet consequatur rerum ducimus voluptas veritatis.', '/uploads/video/d5e7e9bb-6bf5-49a8-9e28-26437104c04c.mkv', 'dolorum eum corporis laborum', 'Quinton land Investigator'),
('58ecaaf5-4e25-4ef1-9560-bbf8e780c6c3', 151, 'alias tempora aut qui cupiditate tempora doloribus aut quos ullam a numquam assumenda amet.', '/uploads/video/13820b23-d5f6-4cb3-966c-1da530438b5c.mkv', 'adipisci sint velit et', 'Keeling town Investigator'),
('f5e9ddc2-757d-4b7f-a5d3-397087bf7bbf', 49, 'libero delectus esse dignissimos et illum possimus voluptatem.', '/uploads/video/874499f9-bda3-4de4-bd2a-6baada3515e6.mp4', 'iusto dolores quos voluptatem', 'Lonny port Investigator'),
('3d13f93b-dd98-45ff-9ebe-d15d1966f2f4', '3dbdf300-407e-4501-89e0-92b057081a30', 'magnam vel quaerat ducimus unde deleniti non harum sapiente consequatur quis.', '/uploads/video/40115a22-5772-4f77-b0b5-384286f1c5b1.webm', 'aspernatur consequuntur deleniti', 'Brigitte mouth Investigator'),
('1c629865-ce91-4d8d-b3b3-7c223968c06e', 637, 'qui nostrum voluptatem aliquid vel ipsum aut dolorum ut praesentium quibusdam.', '/uploads/video/70ab42a3-978b-4a06-8c96-b909db882711.mkv', 'commodi voluptas et', 'Greenholt Investigator'),
('a9b08020-c094-43ca-b29c-f4ec586f7f6c', 128, 'omnis corrupti repellendus est et eos eos molestias repellat fugiat laudantium dignissimos et dolorem.', '/uploads/video/6da9a9ba-d446-4040-9a07-a0cac29625a4.mov', 'provident qui expedita', 'Schmidt Investigator'),
('b98faeab-c04c-4431-88c0-cb99ca044aa3', '71a9a85b-f2a5-47d4-a11f-28fef3d9e2b0', 'vel tempore laboriosam autem quasi sint accusamus qui porro qui.', '/uploads/video/50884bfd-c30f-4cca-86bd-1f8c9f987103.mov', 'quas debitis eius', 'Lake Trystan Gottlieb ville Investigator'),
('1c1213bd-2c4e-4da4-8af9-c94693d217a6', 289, 'sit sit aut cum incidunt.', '/uploads/video/c6ab8268-a55e-450c-9bd3-0d56ea69b9b6.avi', 'maiores ea consequatur', 'Prohaska Investigator'),
('f05d33c3-b740-4607-81e9-7687c8eda417', '5815cb2f-ab2a-4b9a-a734-4f623bce6144', 'iure expedita voluptatibus aut quisquam accusantium nesciunt.', '/uploads/video/9e190410-fb93-4d0e-9ce8-972738faf174.avi', 'voluptatem autem cupiditate expedita', 'Altenwerth Investigator'),
('06f1c9b1-fcd0-4192-a267-9ca2add9f787', '35d5b131-cad8-4377-b5ab-0082b89a47a8', 'omnis est vitae et qui pariatur optio.', '/uploads/video/69e41f07-9acf-4504-9346-df988fe57b7b.mkv', 'aspernatur eos nesciunt', 'Ward Investigator'),
('04f46bdd-e48d-46a2-875d-8144611ec39c', 426, 'in ullam alias et omnis reprehenderit natus consectetur provident.', '/uploads/video/32c12162-8d7b-4933-8453-17337e1e7148.mp4', 'officia natus', 'Osinski Investigator'),
('5c8977f0-7182-45a9-a44c-4ca8b6c43c6f', 894, 'error est neque voluptatum excepturi pariatur soluta et accusantium ipsum explicabo accusantium mollitia possimus.', '/uploads/video/dc181872-de67-436e-8f3c-742544214d1c.mov', 'est modi minus aliquid', 'Huels Investigator'),
('b01c9cb0-017e-440d-bf10-37132989d3b2', 408, 'quasi sunt ratione sit aut distinctio eos.', '/uploads/video/bf352746-1fd4-4fb2-af02-2f5ffc0cd6b3.webm', 'iure aut libero officiis', 'Rice mouth Investigator'),
('a21986ea-245f-4e18-bd5e-44b1a5a83954', 795, 'sunt voluptas alias autem vitae sint aut quas aut maxime debitis et.', '/uploads/video/fe74f656-40c8-4894-85fa-b520bb1b118c.webm', 'velit suscipit fuga et', 'Emard bury Investigator'),
('d68aac4f-60d8-43c7-b8bb-270228006a4c', '11b70569-8b9c-47c4-8bae-8ba7d1e69b00', 'sapiente natus reiciendis expedita nulla necessitatibus tenetur sint eos qui repellendus ea.', '/uploads/video/2d1af9c6-792c-40ec-9811-dc18912f16fe.mkv', 'repellendus consequatur', 'Davis chester Investigator'),
('3f2e3c7a-8c5c-4cab-a28b-d5559733c09a', 942, 'mollitia alias dolore non omnis possimus error labore neque.', '/uploads/video/04f505e0-077d-42dd-93c9-4284587e1420.avi', 'rerum exercitationem', 'Kertzmann ville Investigator'),
('ff820c48-34c9-4a92-a0e4-66456a898a1c', 573, 'ut voluptatum commodi veniam minus qui repudiandae id.', '/uploads/video/efaea4f7-3ec5-483c-a7ff-1786528bf186.mp4', 'totam unde numquam atque', 'Schuster Investigator'),
('db001307-42a1-4db0-8202-c90c4c96b918', 924, 'voluptatum ratione explicabo quisquam nemo.', '/uploads/video/d0e9005d-0ad6-470c-b77e-73642f24f80b.mp4', 'dolores consectetur', 'Kautzer town Investigator'),
('696b2a50-a7ea-467e-a3af-ebe0a757a8d3', 'e9e5e973-9bcf-46b9-91c6-402c9ea37725', 'modi commodi modi voluptatum maxime iste cupiditate enim quaerat est.', '/uploads/video/ae658e05-d9a6-4740-8820-528b304239b0.mkv', 'sunt iste assumenda', 'Kunze Investigator'),
('aa73b12e-1587-43b8-8a06-b10b21d339f9', 106, 'et ut ipsam reprehenderit fugiat labore quasi et delectus a assumenda vel.', '/uploads/video/c04add16-6145-4ba6-aaeb-1ed39754b6f8.mp4', 'expedita eum', 'Watsica borough Investigator'),
('9b87d8b7-34a6-4803-a9cb-dd772dfe763a', 321, 'ut nemo rerum eius ipsa voluptatem explicabo atque ut necessitatibus sed.', '/uploads/video/3b05188e-e196-4c2d-a0ae-5c348389a34e.mov', 'mollitia perferendis', 'Hamill haven Investigator'),
('db1d4f7e-1aac-41a7-88ce-f39eef2afd61', 942, 'facere asperiores fugit accusamus voluptas nostrum aperiam aut nostrum.', '/uploads/video/1495e997-5637-4342-a29c-b17b548bba4c.avi', 'blanditiis molestias', 'Jaeden town Investigator'),
('58de1a66-84f7-47ed-9a76-2cec5ec388e5', 275, 'ut necessitatibus tenetur a vel expedita.', '/uploads/video/996c713a-c9c1-483d-af92-b3236def919f.mov', 'ab similique dolorem', 'Bailey Investigator'),
('98eb1dc7-be8b-478b-a87e-087730e6866e', 23, 'est animi deleniti voluptatem dolorem corrupti est dolorem est veritatis ipsam voluptatibus.', '/uploads/video/565b45d8-26fe-4c00-b285-a20b5d8ea0c6.avi', 'eum ducimus', 'Carroll Investigator'),
('231f079d-62b9-4309-9fd3-42c071445c19', 760, 'nam et voluptates voluptatem aut neque cupiditate illo a eaque dolor.', '/uploads/video/de8e579c-de50-42b5-bf5e-6ebd513bae53.avi', 'quis iusto illo', 'Schamberger Investigator'),
('1ffc94cf-5643-4664-bc10-88224d6ceca7', 338, 'nisi voluptatem aut excepturi ut autem nihil.', '/uploads/video/34627ecb-91e2-4094-a762-c570f5d16410.mp4', 'dolore expedita vel', 'Goodwin fort Investigator'),
('9f8ef4e0-670a-4446-afc4-5243577818ea', 389, 'sed et necessitatibus qui in temporibus doloremque consectetur quo omnis aut.', '/uploads/video/de21c615-15b5-4700-83d8-237f5744d4b8.mov', 'nihil inventore praesentium voluptatem', 'Runte Investigator'),
('b74724e8-2c93-45ca-9800-b652ede4f8c4', '8da72768-47b6-434c-8d1d-48813b16c6fd', 'quos voluptate ratione repellat dolor asperiores porro iste dolorem.', '/uploads/video/4fcc1211-f88c-484e-858a-a02ad1280128.avi', 'et eos', 'Chelsey view Investigator'),
('9b30c042-7089-46af-94d7-5c5f8c7c0b20', 22, 'eos et et in libero et ullam tenetur facere tenetur.', '/uploads/video/e7d9a60b-1490-45ee-9ca5-255dc4ebf4c0.avi', 'eum nam itaque rem', 'Dach Investigator'),
('94f3165a-3315-4859-aed2-114b70554eef', 351, 'exercitationem voluptatem placeat vel rem nam reprehenderit facere.', '/uploads/video/e6af2164-120c-46ea-8b34-35f2a51ccd5d.webm', 'dolorum eveniet cumque non', 'Fritsch Investigator'),
('c50da0da-faf2-4d5c-8243-8925abc088b8', 'f37a1431-56bb-4358-b199-761d3a8a684b', 'sunt ut illo est perspiciatis qui tempora voluptas fugit ipsum optio vel.', '/uploads/video/8a7a88ca-6fc2-48e2-97ca-0047669a1d34.avi', 'id quasi voluptates', 'Abbott mouth Investigator'),
('6abb41f7-ad8a-4cb2-bf7a-14141d29d515', '0ee817b9-a523-4a04-85b1-49a1bae0509d', 'eum expedita iure eum dolor et dolorem id aspernatur inventore.', '/uploads/video/2b3f18ce-00ff-439c-a890-37bf70bd6fb3.avi', 'est dolor voluptate', 'Schroeder ville Investigator'),
('36d04ad3-21a6-49fc-9d3f-f0a9940cc624', 213, 'impedit quaerat eveniet impedit vero deleniti eligendi architecto illum animi maiores facere occaecati.', '/uploads/video/5ad6d17d-f412-466b-9788-c042c301255d.avi', 'commodi sed consequatur magnam', 'Bergnaum borough Investigator'),
('7bc58dd2-77c9-4f75-997c-e767263e2ed3', 558, 'minus accusantium ratione excepturi alias aliquid est.', '/uploads/video/bdc9a456-dabb-4dd9-8bef-0455e2629419.mkv', 'in asperiores', 'Mitchell Investigator'),
('45612197-3275-4a13-b38d-bc045912fe1d', 'd30c0152-20ca-49ff-b427-9ab1ebdff399', 'corporis quos quod magni sed aut.', '/uploads/video/704a22eb-8efc-4ad8-9f7b-b71fb6d64bc6.mov', 'necessitatibus consequatur non pariatur', 'Kerluke Investigator'),
('5141c02c-60d9-4322-84eb-8c7867b493af', 329, 'tenetur est dolor animi molestiae voluptatem et.', '/uploads/video/ab1ef2f1-e369-4ff8-b394-6a46272f37fe.webm', 'atque ut voluptatum quam', 'O''Keefe Investigator'),
('054abb1f-16b7-4b96-b80b-79be64712795', '11b70569-8b9c-47c4-8bae-8ba7d1e69b00', 'nulla quidem ducimus eaque quo dolor quia occaecati.', '/uploads/video/730d8c55-8620-46e1-8f95-cc79cb7e1060.webm', 'accusamus ut', 'Larkin Investigator'),
('771027e1-a5ad-4cc2-ad87-59b639037c11', '1e6e955f-dd44-472e-8074-c595f5805738', 'quod quia dolore aut ut in debitis expedita esse.', '/uploads/video/5cafba83-f884-41da-86f6-418df5d1814c.avi', 'dignissimos dolor id', 'Kutch borough Investigator'),
('434f5efe-b7ab-4c68-91b6-7e2e842dfa16', 'f37a1431-56bb-4358-b199-761d3a8a684b', 'aut sit est et ipsam recusandae exercitationem mollitia autem.', '/uploads/video/9b4a4895-4cdb-4f59-997e-bf36ec7b73aa.mov', 'cum rem', 'Port Mossie Hudson berg Investigator'),
('c3ed4d30-1106-4e5a-b737-f02b219ee285', 237, 'est asperiores non quis nemo ipsa repudiandae illo eos est laboriosam esse et.', '/uploads/video/30defd0b-b2fe-4147-9462-b3e2214353e0.mov', 'odit corrupti vel est', 'Keeling Investigator'),
('893c8acc-381c-4354-9f7d-2511ea7d04f2', 679, 'nulla qui laboriosam consequuntur quas sit quia quis nulla qui iusto atque odio.', '/uploads/video/b528d790-4d5f-4e90-9573-dbb14f1a4c3c.mov', 'velit illo', 'Cronin Investigator'),
('7d2bec83-9aad-406b-a149-fbae45aa0465', 275, 'vel et ut provident omnis.', '/uploads/video/2c4a4a9b-7236-44ec-a12f-d387bc6a1072.avi', 'ipsum et nisi est', 'Port Jalyn Collins view Investigator'),
('5f62858f-e73f-4632-a2e8-0c1c8a780d28', 894, 'illum odit corporis ab molestiae culpa provident excepturi.', '/uploads/video/72642e9f-af53-4c4a-8180-7c1b4a4b1b2d.mkv', 'aut ut ut', 'Daniel Investigator'),
('74e4211a-977a-45c5-9d5c-a6bd539e9eb6', '6229818a-79ae-4c4a-baad-c4e10eb2e235', 'maiores qui natus consequatur eum sed architecto.', '/uploads/video/56418738-ceed-4799-9675-03a975b2b6c7.webm', 'ut totam voluptas', 'Pfannerstill furt Investigator'),
('00565b1b-d016-4b1f-87d7-4e16f98e0d45', '6a72c526-b55d-412a-8cda-4f816a66fdd8', 'et commodi tempora possimus odio sit.', '/uploads/video/c8ed33d3-1dec-4bce-b93d-06153be2f408.mov', 'sapiente ratione eum totam', 'Mante haven Investigator'),
('8f0a8b4a-2d01-495a-a5b5-ebc48f373d51', 476, 'consequuntur repellat veritatis reprehenderit iusto aut eveniet non accusantium modi reiciendis ex ut reprehenderit.', '/uploads/video/5634b7d2-b0d1-4fcf-9a03-9ed943454430.mp4', 'repellendus ut est', 'Leannon Investigator');

-- Data for flight_data_recorders
INSERT INTO flight_data_recorders (recorder_id, flight_id, cockpit_voice_recording_path, telemetry_dump_json, recording_duration_seconds) VALUES
(743, 22, '/uploads/audio/b43cd6a3-ee44-49b1-a7a6-f429eba020b2.wav', '{"generated": true, "type": "aut"}', '2025-08-13 08:02:47'),
(61, 215, '/uploads/audio/38361571-df19-4df5-b0b5-039d7d211dd9.mp3', '{"generated": true, "type": "inventore"}', '2025-08-24 08:02:47'),
(558, 71, '/uploads/audio/ad5bf88d-bb0a-4447-a94a-ed4dfe30ecac.aac', '{"generated": true, "type": "quisquam"}', '2025-01-18 08:02:47'),
(849, 743, '/uploads/audio/c39f4fdf-3860-4b4f-adc4-f28df6178d96.wav', '{"generated": true, "type": "unde"}', '2025-06-17 08:02:47'),
(789, '2dc5e12f-92b4-44a2-b93d-d9d1d46dac1b', '/uploads/audio/8876993d-dfdf-4649-b0fd-975b63a4182d.wav', '{"generated": true, "type": "ut"}', '2025-03-01 08:02:47'),
(75, 534, '/uploads/audio/960c14b9-e8ee-41e3-81bf-b30b1b379b10.mp3', '{"generated": true, "type": "in"}', '2025-07-21 08:02:47'),
(936, 22, '/uploads/audio/19390b42-cc6a-4914-aa9a-e362bf0fb21d.wav', '{"generated": true, "type": "maiores"}', '2025-01-23 08:02:47'),
(31, 329, '/uploads/audio/4df51ab5-c4e1-49ae-ad3d-f92b9e6dfa27.mp3', '{"generated": true, "type": "qui"}', '2025-10-12 08:02:47'),
(180, 692, '/uploads/audio/621ffa4a-717e-4cf3-8bb2-e58fd6abc86c.aac', '{"generated": true, "type": "sint"}', '2025-11-21 08:02:47'),
(227, 810, '/uploads/audio/2fd11e79-1cab-4a5a-bba4-9ae65c67825e.wav', '{"generated": true, "type": "similique"}', '2025-03-18 08:02:47'),
(611, 444, '/uploads/audio/fed30886-69bd-42de-8292-83fe5e3c8f9c.aac', '{"generated": true, "type": "harum"}', '2025-10-14 08:02:47'),
(896, 637, '/uploads/audio/673336a4-8cbf-463a-a1aa-4a9c5cb7f8fa.wav', '{"generated": true, "type": "consequatur"}', '2025-06-08 08:02:47'),
(773, '3bb88cff-05ee-4752-8800-a69e410814c7', '/uploads/audio/6536024d-5319-4760-ab96-692fb7ca12a0.mp3', '{"generated": true, "type": "quo"}', '2025-03-13 08:02:47'),
(470, 396, '/uploads/audio/f46372b3-cb38-4404-b984-62bc8e966f1e.wav', '{"generated": true, "type": "reprehenderit"}', '2025-02-15 08:02:47'),
(260, 444, '/uploads/audio/dffcec5d-10a0-4bfb-8401-14a265b01a47.mp3', '{"generated": true, "type": "veniam"}', '2025-11-03 08:02:47'),
(207, 760, '/uploads/audio/4e09d2b9-8d40-4621-89ad-03c6edaeef9d.aac', '{"generated": true, "type": "voluptatem"}', '2025-03-13 08:02:47'),
(945, 237, '/uploads/audio/1610cd8d-1b4f-4f9d-a752-e577510871d0.mp3', '{"generated": true, "type": "quia"}', '2025-02-06 08:02:47'),
(818, 918, '/uploads/audio/4c010949-261b-4a50-bb3a-fd5fc95298c1.aac', '{"generated": true, "type": "commodi"}', '2025-01-29 08:02:47'),
(920, '08e95fc5-f199-4472-a5db-e71e2b099afa', '/uploads/audio/7476e846-1269-4a62-8799-3c7406e8d5dc.aac', '{"generated": true, "type": "ipsam"}', '2025-04-21 08:02:47'),
(761, 'fd83326d-6313-430f-a2e4-6c1c43b4e85b', '/uploads/audio/a39fa9c7-9ed5-45b7-bb70-ea6265825348.aac', '{"generated": true, "type": "autem"}', '2025-06-28 08:02:47'),
(682, 351, '/uploads/audio/8690182b-91f9-49b3-b562-78d7d632ae05.aac', '{"generated": true, "type": "veniam"}', '2025-10-23 08:02:47'),
(860, 788, '/uploads/audio/b334e928-9ee6-4eaa-8815-d306c86bdd8e.wav', '{"generated": true, "type": "explicabo"}', '2024-11-30 08:02:47'),
(711, 'b91ac244-b5e3-4995-9876-c4eaa09a3782', '/uploads/audio/59689f04-71d6-47f9-9447-ee344f969b1f.aac', '{"generated": true, "type": "officiis"}', '2025-01-15 08:02:47'),
(387, 329, '/uploads/audio/7ba98615-f01c-4d2c-a36c-9d2d9473397e.mp3', '{"generated": true, "type": "ut"}', '2025-10-08 08:02:47'),
(25, 445, '/uploads/audio/811e5873-ca48-4e43-9c0b-047a12e9c288.aac', '{"generated": true, "type": "et"}', '2025-10-04 08:02:47'),
(943, 156, '/uploads/audio/eb20d76f-8dbd-4626-a7fb-9f398471d68d.aac', '{"generated": true, "type": "laudantium"}', '2025-04-27 08:02:47'),
(700, 469, '/uploads/audio/ab6a0615-df07-4fbe-9399-3e231f0dac61.aac', '{"generated": true, "type": "illum"}', '2025-05-20 08:02:47'),
(866, 'cee8a217-963c-4870-ad0d-b0a6f28653c3', '/uploads/audio/7a3ac6e7-4029-4954-afcb-a4dbb40aedd9.wav', '{"generated": true, "type": "aut"}', '2024-12-21 08:02:47'),
(444, 713, '/uploads/audio/1646c730-6053-4fd8-8a60-47b7d2538216.wav', '{"generated": true, "type": "ut"}', '2025-11-01 08:02:47'),
(744, 329, '/uploads/audio/a9affe6c-c4ee-4640-9c1d-bd3541cbe2e8.mp3', '{"generated": true, "type": "est"}', '2025-10-13 08:02:47'),
(482, 760, '/uploads/audio/1c3e1152-a6f0-4dc4-8d92-71124c825b4f.mp3', '{"generated": true, "type": "odio"}', '2025-06-14 08:02:47'),
(324, 662, '/uploads/audio/f62b23fe-67cd-4066-adf9-c1ab1d9be96d.wav', '{"generated": true, "type": "quidem"}', '2025-10-08 08:02:47'),
(455, 976, '/uploads/audio/88906681-8426-4068-b85e-171bd7adce05.aac', '{"generated": true, "type": "tempora"}', '2024-12-29 08:02:47'),
(705, 'd30c0152-20ca-49ff-b427-9ab1ebdff399', '/uploads/audio/c440f54f-e310-4324-8256-ab36872b3b3f.mp3', '{"generated": true, "type": "aut"}', '2025-03-25 08:02:47'),
(720, 986, '/uploads/audio/b87db8b3-d2ea-49d1-a9a9-5a2d50d43391.wav', '{"generated": true, "type": "aut"}', '2025-05-13 08:02:47'),
(469, 573, '/uploads/audio/557a9e21-c357-4b17-a3f3-faae6e09195e.mp3', '{"generated": true, "type": "impedit"}', '2025-03-11 08:02:47'),
(533, 'b91ac244-b5e3-4995-9876-c4eaa09a3782', '/uploads/audio/0b18b682-5e92-4694-a907-955bc1758379.wav', '{"generated": true, "type": "cumque"}', '2025-01-09 08:02:47'),
(205, 573, '/uploads/audio/2a5f8f25-4a7e-41ba-a8ad-cb008a0f16a8.wav', '{"generated": true, "type": "voluptatem"}', '2025-06-11 08:02:47'),
(78, 670, '/uploads/audio/7a874331-ac2f-43bb-9991-58904d3f1801.mp3', '{"generated": true, "type": "voluptas"}', '2025-10-02 08:02:47'),
(102, '7718ed42-c612-445e-aa3f-ebdd2ec8dd80', '/uploads/audio/c2f9e6cd-29d4-4aa2-a88d-71d577c95fe6.aac', '{"generated": true, "type": "eos"}', '2025-06-11 08:02:47'),
(699, '71a9a85b-f2a5-47d4-a11f-28fef3d9e2b0', '/uploads/audio/a5504e1a-fc32-4746-8aca-d9e9dbf01bb2.mp3', '{"generated": true, "type": "eveniet"}', '2025-10-14 08:02:47'),
(528, 151, '/uploads/audio/8c7faee3-a6c1-4ee7-94f2-4fb64b490028.mp3', '{"generated": true, "type": "ratione"}', '2025-06-27 08:02:47'),
(474, 990, '/uploads/audio/3d47abd5-238d-4135-be54-958c213d3c44.mp3', '{"generated": true, "type": "reiciendis"}', '2025-06-20 08:02:47'),
(66, 802, '/uploads/audio/dd4da86b-0007-430b-9efd-1cd2d6f0f742.wav', '{"generated": true, "type": "et"}', '2025-09-28 08:02:47'),
(631, 'a4241309-e150-4952-b018-d41082ced527', '/uploads/audio/e9cf6c45-a351-4543-a11e-e73084a370de.aac', '{"generated": true, "type": "eum"}', '2025-10-05 08:02:47'),
(71, 486, '/uploads/audio/49b49b91-3364-4684-aab2-30fce4f2020f.aac', '{"generated": true, "type": "totam"}', '2025-02-19 08:02:47'),
(788, 351, '/uploads/audio/4a9603ae-9e87-440d-9040-164a553d1bd4.aac', '{"generated": true, "type": "ducimus"}', '2025-03-13 08:02:47'),
(997, 71, '/uploads/audio/cc2af013-403b-4b49-8bcf-659901c7c555.aac', '{"generated": true, "type": "necessitatibus"}', '2025-11-17 08:02:47'),
(310, 534, '/uploads/audio/9ae5c64e-f0a5-466e-86a0-110294b61566.wav', '{"generated": true, "type": "dolores"}', '2025-02-01 08:02:47'),
(742, 947, '/uploads/audio/2953e8e4-4df3-4615-87f4-fbb57c458109.aac', '{"generated": true, "type": "aut"}', '2025-01-03 08:02:47'),
(185, 690, '/uploads/audio/1c679578-969d-4444-a1c6-bc1c8a135f1d.mp3', '{"generated": true, "type": "nihil"}', '2025-09-06 08:02:47'),
(317, 986, '/uploads/audio/9adf0d81-5f99-47bd-980d-35a8b700c9cb.aac', '{"generated": true, "type": "pariatur"}', '2024-11-27 08:02:47'),
(275, 237, '/uploads/audio/ba27832b-f3a8-4de1-aef2-ab192b6c1e30.wav', '{"generated": true, "type": "praesentium"}', '2025-03-03 08:02:47'),
(282, 573, '/uploads/audio/2dc8a624-3f90-4aaa-b98a-c9622daa0706.mp3', '{"generated": true, "type": "cupiditate"}', '2024-12-03 08:02:47'),
(457, 918, '/uploads/audio/30dce94f-ca1d-43d8-a9ab-146086f77bcd.wav', '{"generated": true, "type": "et"}', '2025-05-14 08:02:47'),
(725, 596, '/uploads/audio/a7fa9a62-de76-444e-8993-36d1ca9b0414.wav', '{"generated": true, "type": "cumque"}', '2025-03-17 08:02:47'),
(819, 215, '/uploads/audio/51fd2b03-fff6-4bc2-921f-996e9917a68d.aac', '{"generated": true, "type": "error"}', '2025-07-04 08:02:47'),
(783, 959, '/uploads/audio/161a3995-d126-4874-bb67-869b6d5ae5b9.mp3', '{"generated": true, "type": "numquam"}', '2025-09-14 08:02:47'),
(598, 894, '/uploads/audio/5c0cf7f8-42a1-43e8-8eb4-dff05ec1947e.mp3', '{"generated": true, "type": "soluta"}', '2025-01-08 08:02:47'),
(171, 743, '/uploads/audio/2b7cd4c8-3d55-4eb2-9535-c738630b29df.mp3', '{"generated": true, "type": "quia"}', '2025-06-05 08:02:47'),
(561, 679, '/uploads/audio/abde324b-2dcd-4c34-8c4f-483f0e68c656.mp3', '{"generated": true, "type": "voluptatem"}', '2025-06-17 08:02:47'),
(883, 510, '/uploads/audio/e0d2cdf3-19d1-460d-994f-8a8ad6b064c0.aac', '{"generated": true, "type": "qui"}', '2025-02-17 08:02:47'),
(664, 867, '/uploads/audio/44e7d9f5-1b50-4746-99a7-569f7b47acca.mp3', '{"generated": true, "type": "laborum"}', '2025-09-03 08:02:47'),
(337, 821, '/uploads/audio/30481c81-2041-4654-bec4-17f2b0462b02.mp3', '{"generated": true, "type": "dolor"}', '2025-03-03 08:02:47'),
(889, 234, '/uploads/audio/e3f9b666-6bee-4184-8098-c07116f3da1d.wav', '{"generated": true, "type": "in"}', '2025-01-19 08:02:47'),
(826, '35d5b131-cad8-4377-b5ab-0082b89a47a8', '/uploads/audio/f6f08827-ab0a-44a9-a213-1882355f582d.aac', '{"generated": true, "type": "sit"}', '2025-06-08 08:02:47'),
(200, 237, '/uploads/audio/ae8b6377-804d-4f57-96b3-727de131aa4e.wav', '{"generated": true, "type": "quia"}', '2025-07-17 08:02:47'),
(558, 558, '/uploads/audio/badb7c2a-2c7c-4558-92f3-f4662b495002.wav', '{"generated": true, "type": "et"}', '2025-11-13 08:02:47'),
(268, 877, '/uploads/audio/cbd9099f-a1d8-4051-b521-4ce5ecb6b853.aac', '{"generated": true, "type": "eum"}', '2024-12-28 08:02:47'),
(605, '62141306-4585-474f-b753-e487d9994845', '/uploads/audio/75c7f923-585d-4e37-944d-e4ac0aa1782f.mp3', '{"generated": true, "type": "itaque"}', '2025-03-02 08:02:47'),
(171, '09b0e344-334e-4110-bd6a-2f5095ca1302', '/uploads/audio/c67bc7eb-a695-463b-bb8d-761c05f1fa37.aac', '{"generated": true, "type": "molestiae"}', '2025-05-05 08:02:47'),
(565, 321, '/uploads/audio/837d3e0f-b3d5-4ce0-b183-d9dd181909e2.aac', '{"generated": true, "type": "architecto"}', '2025-04-14 08:02:47'),
(544, 947, '/uploads/audio/de235031-9f42-4709-b80f-a5ef0f217e49.aac', '{"generated": true, "type": "voluptatem"}', '2024-12-23 08:02:47'),
(827, 282, '/uploads/audio/274f505a-47e6-4a5a-b73d-5a809b7ba596.wav', '{"generated": true, "type": "optio"}', '2025-01-30 08:02:47'),
(33, 872, '/uploads/audio/5af5120e-f4d1-4808-b199-5b94191b0209.aac', '{"generated": true, "type": "dicta"}', '2025-01-07 08:02:47'),
(674, '9bc1a71c-d4fd-4913-81c9-1366170f6cd0', '/uploads/audio/ab9b1d2b-ead4-4c70-a09b-15fccd5cf38b.wav', '{"generated": true, "type": "error"}', '2025-05-27 08:02:47'),
(321, 'da4af092-74f5-4224-aa77-7a1d8316b2e0', '/uploads/audio/0fa032b8-6d86-4c69-84ca-d71192f5c5b9.wav', '{"generated": true, "type": "libero"}', '2024-11-29 08:02:47'),
(623, 408, '/uploads/audio/a5a04872-6d27-40b9-8bdd-c6015b3df883.wav', '{"generated": true, "type": "esse"}', '2025-07-31 08:02:47'),
(228, 'cb99c089-3c8d-4fd8-9c59-1ea5b501ed98', '/uploads/audio/219b05fb-f75f-40ba-9f40-9ade61aa0725.mp3', '{"generated": true, "type": "voluptas"}', '2025-01-07 08:02:47'),
(749, 632, '/uploads/audio/9c66691f-dbb4-4d38-b520-1c5ce7307455.aac', '{"generated": true, "type": "deserunt"}', '2025-06-21 08:02:47'),
(108, '01df28fc-e638-4a18-ae60-b23ff50344fa', '/uploads/audio/88e0e388-0a75-483c-b244-22f306a67113.aac', '{"generated": true, "type": "tenetur"}', '2024-12-26 08:02:47'),
(342, 637, '/uploads/audio/176610ba-9337-45cc-a185-e886eef30d85.wav', '{"generated": true, "type": "deserunt"}', '2024-12-24 08:02:47'),
(718, 282, '/uploads/audio/11f509de-31dc-4156-bd88-cd4aec55f4ce.mp3', '{"generated": true, "type": "ut"}', '2025-07-27 08:02:47'),
(789, 637, '/uploads/audio/080d56e3-dbd5-47af-a2bf-de053b3b99a3.aac', '{"generated": true, "type": "voluptatem"}', '2025-05-16 08:02:47'),
(207, 726, '/uploads/audio/1c248a90-f471-4845-9e11-8ccacee339ac.mp3', '{"generated": true, "type": "veritatis"}', '2025-07-24 08:02:47'),
(407, 780, '/uploads/audio/fd516d35-f328-4b15-a37e-b39d34db72ce.mp3', '{"generated": true, "type": "ipsam"}', '2025-06-22 08:02:47'),
(142, 'd30c0152-20ca-49ff-b427-9ab1ebdff399', '/uploads/audio/d76dd281-d016-437a-bb45-cba2ee3c14f1.mp3', '{"generated": true, "type": "maxime"}', '2025-04-10 08:02:47'),
(578, 273, '/uploads/audio/8a0e8c95-1961-406a-a679-ddaa1202fd88.wav', '{"generated": true, "type": "ab"}', '2025-07-25 08:02:47'),
(951, '7718ed42-c612-445e-aa3f-ebdd2ec8dd80', '/uploads/audio/6bc34210-d16f-4e87-b8df-24f5cb73cb37.wav', '{"generated": true, "type": "unde"}', '2025-07-16 08:02:47'),
(300, 679, '/uploads/audio/fc3b876b-38b0-4aca-8022-643710a47aa7.wav', '{"generated": true, "type": "quibusdam"}', '2025-03-25 08:02:47'),
(307, 632, '/uploads/audio/5822021c-cf01-4b5c-9cf6-c2e4f0b823d7.wav', '{"generated": true, "type": "consequatur"}', '2025-07-30 08:02:47'),
(389, 924, '/uploads/audio/4f7ca211-2f20-40ba-8aba-3ce79223048b.aac', '{"generated": true, "type": "voluptatem"}', '2024-12-19 08:02:47'),
(742, 13, '/uploads/audio/fcc17b3d-ee2e-4ff6-91b1-790bf39cb539.mp3', '{"generated": true, "type": "perferendis"}', '2025-02-09 08:02:47'),
(937, 6, '/uploads/audio/0f1804a8-cc3b-431b-a721-b9f6cc9bf2bc.aac', '{"generated": true, "type": "ipsum"}', '2025-01-26 08:02:47'),
(252, 990, '/uploads/audio/f42c231b-1eaf-4eb7-9f42-f094a1a35d2e.aac', '{"generated": true, "type": "nesciunt"}', '2025-10-29 08:02:47'),
(669, 397, '/uploads/audio/31156717-3aa9-4d89-8177-b97d3659c84b.aac', '{"generated": true, "type": "itaque"}', '2024-12-27 08:02:47'),
(161, 98, '/uploads/audio/2b70b195-95aa-408d-886f-a7ddbc9d93e0.wav', '{"generated": true, "type": "commodi"}', '2025-02-07 08:02:47'),
(511, 539, '/uploads/audio/ce9b712c-a5a3-4aa5-8c0d-0859f2d08ef4.aac', '{"generated": true, "type": "incidunt"}', '2025-07-22 08:02:47'),
(729, 40, '/uploads/audio/5fce851b-9f1b-494f-8e80-d14002997558.wav', '{"generated": true, "type": "ducimus"}', '2025-06-10 08:02:47'),
(71, '68a32b00-3ad4-40f5-a311-e6ab67fbc097', '/uploads/audio/08a2f064-9c37-459b-af0f-b4097269051f.mp3', '{"generated": true, "type": "delectus"}', '2025-02-24 08:02:47');

-- Data for tickets
INSERT INTO tickets (ticket_id, flight_id, passenger_id, seat_assignment_code, ticket_price_amount, booking_currency_code, payment_status) VALUES
(543, 632, '609568f8-608c-471a-88c1-d516daf3a377', '??-1814', 4206.00, '??-9198', 'Completed'),
(16, 533, 'cb621497-4ada-4db7-a290-db585d11c05e', '??-6857', 7313.00, '??-2349', 'Pending'),
(482, 731, '9270a98c-0eda-425e-9cfb-2c4bb8588a9e', '??-8218', 4526.00, '??-6799', 'Active'),
(777, 389, '453a6d8e-6ad7-4362-8998-207f6b2cf62f', '??-4892', 5788.00, '??-3987', 'Completed'),
(930, 976, '03cbdb23-6e5d-40c3-9a22-34c38993f03a', '??-6476', 6875.00, '??-8090', 'Completed'),
(400, 916, '1bd04ad7-3bce-45cc-919b-c6cae367124c', '??-3884', 3638.00, '??-5678', 'Pending'),
(764, 510, '7347b65c-6e78-41e7-992c-e00413426570', '??-4790', 1415.00, '??-5424', 'Draft'),
(997, 237, '3e1153b6-85e7-442c-b80e-cfec88eeb33a', '??-1347', 6481.00, '??-6948', 'Active'),
(165, 'd30c0152-20ca-49ff-b427-9ab1ebdff399', 'dfaadf4a-cda1-4df6-bd6a-82b79fc3d667', '??-3340', 103.00, '??-8823', 'Draft'),
(204, 802, '6b02d796-d7ab-443d-b8c8-a7f725301445', '??-8113', 996.00, '??-5309', 'Pending'),
(79, 926, 'f244c4d8-1d2b-41b2-b60c-5fad5dc627e9', '??-6886', 8923.00, '??-5582', 'Inactive'),
(254, 760, 'f244c4d8-1d2b-41b2-b60c-5fad5dc627e9', '??-8379', 6151.00, '??-3373', 'Draft'),
(189, 986, 'd604fa2e-ff91-4f5d-bce1-6ea51ad30453', '??-4335', 228.00, '??-8961', 'Draft'),
(729, 760, 'b999035b-0e8b-4878-8ddf-12161eca0ca3', '??-2705', 5184.00, '??-3820', 'Active'),
(366, 486, '963ede28-0092-4f5d-80e4-1e949f2483d8', '??-7390', 2194.00, '??-7002', 'Inactive'),
(268, '62141306-4585-474f-b753-e487d9994845', '188322ea-e178-48e0-b43e-e8cd301ffe3d', '??-4044', 455.00, '??-7191', 'Inactive'),
(887, 444, '9270a98c-0eda-425e-9cfb-2c4bb8588a9e', '??-1026', 5265.00, '??-8503', 'Completed'),
(828, 148, '1a278c94-ab28-4369-b5ff-ed0b9257495a', '??-3125', 364.00, '??-4416', 'Active'),
(475, '1e2d30c0-e24a-4b77-9697-14cfc017d7b6', 'cefdbb4e-9d6b-4e1a-9dd4-9282e402cad8', '??-7557', 7117.00, '??-4769', 'Pending'),
(367, 'da4af092-74f5-4224-aa77-7a1d8316b2e0', '03cbdb23-6e5d-40c3-9a22-34c38993f03a', '??-7786', 2999.00, '??-4143', 'Active'),
(942, 670, '8a0d93e6-dff2-4077-b300-f8637a21dfc6', '??-5897', 3714.00, '??-0812', 'Draft'),
(517, 'd30c0152-20ca-49ff-b427-9ab1ebdff399', 'a906bed6-4a7d-4d4f-a794-e464f219985c', '??-2620', 2271.00, '??-9006', 'Inactive'),
(90, 338, 'ff54bb2d-1f20-459f-b05e-d4a114d199b9', '??-9688', 9255.00, '??-4694', 'Draft'),
(746, 408, '1d1d15d5-9105-4e06-b984-ba7f23da1789', '??-3543', 3410.00, '??-7226', 'Inactive'),
(832, 408, 'ce548bd1-5657-4d53-b284-47019b5c9362', '??-4978', 9976.00, '??-1263', 'Inactive'),
(679, '83067e61-b2f3-4552-8c05-887cb7923a57', '34f1f30f-337e-4711-8801-b9fd1e75ce1c', '??-3274', 5362.00, '??-9271', 'Draft'),
(610, 444, 'c053eaf6-853d-4fb2-bde0-533c42ebb85d', '??-0345', 2052.00, '??-1485', 'Draft'),
(256, '5815cb2f-ab2a-4b9a-a734-4f623bce6144', '8a0d93e6-dff2-4077-b300-f8637a21dfc6', '??-3901', 3734.00, '??-7664', 'Active'),
(191, 690, '0fe4d21c-32b1-40cf-a6f8-976618f43ec1', '??-4485', 8581.00, '??-3611', 'Active'),
(525, 22, 'aaa8bfff-6c3e-4be8-ac70-b3eb17c6849c', '??-9575', 3933.00, '??-3615', 'Active'),
(540, 66, 'aaa8bfff-6c3e-4be8-ac70-b3eb17c6849c', '??-1355', 4187.00, '??-8929', 'Active'),
(450, 78, 'd604fa2e-ff91-4f5d-bce1-6ea51ad30453', '??-1328', 1062.00, '??-3240', 'Pending'),
(887, 329, '1a278c94-ab28-4369-b5ff-ed0b9257495a', '??-0157', 3470.00, '??-6104', 'Pending'),
(255, '84cd14e5-a866-4bf5-9e60-d3a616196518', '8a0d93e6-dff2-4077-b300-f8637a21dfc6', '??-4906', 6614.00, '??-5777', 'Inactive'),
(832, 504, 'ecfd7d6e-f379-4ea3-b200-d1c642573dd4', '??-4832', 4036.00, '??-9308', 'Pending'),
(194, 567, 'cb912eed-54e3-4302-9de0-dec337432ad2', '??-9521', 259.00, '??-1776', 'Pending'),
(802, 'f386942f-e5ab-4b72-a5de-2523df73f4d1', '084b38f6-21c1-4718-b68f-1539232ac651', '??-7463', 193.00, '??-0667', 'Draft'),
(633, 237, '544aea33-8c59-4e59-9d15-b977ad843520', '??-1433', 7328.00, '??-6059', 'Active'),
(667, 893, '43f00fe6-364d-4159-b112-e54c66bed97d', '??-2621', 9611.00, '??-4900', 'Pending'),
(408, 444, '5d4013b3-da63-4d27-8489-966ddf73d6cc', '??-9077', 9716.00, '??-2988', 'Pending'),
(518, 131, 'bef6d590-7575-47a1-8c87-8350dfa40053', '??-1136', 2523.00, '??-4863', 'Draft'),
(993, '09b0e344-334e-4110-bd6a-2f5095ca1302', '53c34bda-94fa-4d93-b41b-ca0ed85d3bff', '??-2816', 7518.00, '??-6367', 'Pending'),
(582, 'da4af092-74f5-4224-aa77-7a1d8316b2e0', '0fe4d21c-32b1-40cf-a6f8-976618f43ec1', '??-4225', 3081.00, '??-7766', 'Active'),
(94, 215, '8a0d93e6-dff2-4077-b300-f8637a21dfc6', '??-2301', 4594.00, '??-9127', 'Active'),
(987, 573, '4f56fde8-0451-4c4b-ba2e-2ac4651b6f05', '??-9254', 4212.00, '??-7264', 'Active'),
(606, '68a32b00-3ad4-40f5-a311-e6ab67fbc097', 'cefdbb4e-9d6b-4e1a-9dd4-9282e402cad8', '??-3396', 9480.00, '??-6631', 'Completed'),
(167, 'f1bb574a-ae84-4a68-9078-5516712983a1', '5d4013b3-da63-4d27-8489-966ddf73d6cc', '??-8101', 4658.00, '??-3865', 'Completed'),
(623, 726, 'de7d4b49-f0f6-4067-adba-2d252fe55cf4', '??-1960', 3575.00, '??-3600', 'Inactive'),
(692, 883, '7347b65c-6e78-41e7-992c-e00413426570', '??-3529', 2797.00, '??-2292', 'Completed'),
(196, 894, '4ca8b8e7-5dfb-4014-9bbf-a9ec262e54f0', '??-1840', 538.00, '??-9724', 'Active'),
(350, 899, '14cf5754-3edc-4e2a-a0d7-da9fc58dec7b', '??-2642', 288.00, '??-6401', 'Draft'),
(631, 'f386942f-e5ab-4b72-a5de-2523df73f4d1', '2efdce05-7089-4d31-ba63-4bb05701cba1', '??-3460', 3472.00, '??-6137', 'Draft'),
(54, 586, 'f09b2f57-93f9-4cd4-85de-d2193c7cd719', '??-5758', 5979.00, '??-0821', 'Pending'),
(730, 321, 'e7710921-84e9-4bb4-8b4a-18ffa795778d', '??-1068', 323.00, '??-3191', 'Pending'),
(123, 'd30c0152-20ca-49ff-b427-9ab1ebdff399', '2c1f7379-eb70-41f7-a23e-306b545d74ca', '??-9537', 7996.00, '??-8667', 'Draft'),
(772, '2faf49f6-b894-4d2a-b46a-ee4b9cf405fb', 'cefdbb4e-9d6b-4e1a-9dd4-9282e402cad8', '??-2834', 2195.00, '??-9314', 'Completed'),
(252, 148, 'b5a67ec6-f0ae-495a-ab9c-30fd8f00ecaa', '??-2002', 799.00, '??-1127', 'Pending'),
(326, 329, 'de7d4b49-f0f6-4067-adba-2d252fe55cf4', '??-9411', 447.00, '??-3500', 'Inactive'),
(817, 662, '609ea2a4-88df-47f9-8544-57244cc57eb0', '??-6176', 6451.00, '??-1312', 'Pending'),
(412, 'e1a7d9a4-3bff-4e20-be20-5106e9535ecd', 'bef6d590-7575-47a1-8c87-8350dfa40053', '??-5678', 1415.00, '??-4069', 'Inactive'),
(51, 692, '1a278c94-ab28-4369-b5ff-ed0b9257495a', '??-5643', 4829.00, '??-5367', 'Completed'),
(314, '62141306-4585-474f-b753-e487d9994845', 'dfaadf4a-cda1-4df6-bd6a-82b79fc3d667', '??-2883', 5594.00, '??-5129', 'Pending'),
(859, 810, '1bd04ad7-3bce-45cc-919b-c6cae367124c', '??-3238', 4307.00, '??-1580', 'Pending'),
(343, 510, '04250780-496a-45a6-8166-b75929a39868', '??-2334', 4228.00, '??-1352', 'Pending'),
(688, '3dbdf300-407e-4501-89e0-92b057081a30', '3cf1a10b-3a11-4c48-9bd1-227a8f5dd415', '??-4416', 8786.00, '??-3678', 'Completed'),
(185, 397, 'ef06b878-28f5-4e19-924b-9f27ed028b44', '??-4076', 3856.00, '??-6571', 'Pending'),
(59, 956, 'd974ab29-18b4-4cbd-ba78-274b63dac521', '??-7794', 3793.00, '??-4013', 'Active'),
(294, 'e9e5e973-9bcf-46b9-91c6-402c9ea37725', '34f1f30f-337e-4711-8801-b9fd1e75ce1c', '??-9215', 5613.00, '??-9939', 'Draft'),
(275, 263, 'b942590e-39a5-4e75-970e-b47dae7a6bd0', '??-8807', 5951.00, '??-1093', 'Completed'),
(879, 467, '609ea2a4-88df-47f9-8544-57244cc57eb0', '??-3097', 2055.00, '??-8224', 'Active'),
(923, '944aefb9-51de-4696-8e75-78d3c9252f15', 'b48a2511-8162-4ff2-823c-04e8dab4a7a4', '??-8520', 1163.00, '??-5936', 'Completed'),
(277, 701, '31629589-88d9-467d-8f0b-1522f6ac17bf', '??-5664', 5358.00, '??-9871', 'Draft'),
(990, 802, '7347b65c-6e78-41e7-992c-e00413426570', '??-0329', 9627.00, '??-8533', 'Pending'),
(602, 444, 'e43853f6-34c3-4636-bbab-6b5e7d08d610', '??-4022', 3861.00, '??-6462', 'Completed'),
(647, 788, '1e4774c8-be87-4a29-8a26-eb3c97bdeb8d', '??-0038', 3354.00, '??-4191', 'Pending'),
(990, 510, '14cf5754-3edc-4e2a-a0d7-da9fc58dec7b', '??-5356', 6770.00, '??-3114', 'Draft'),
(596, 444, '5be12c83-3870-4369-b92c-9f1354e0e9eb', '??-0439', 7380.00, '??-6278', 'Pending'),
(970, '11b70569-8b9c-47c4-8bae-8ba7d1e69b00', 'eef71f64-e4bf-4890-989f-8ca4ad09f3b1', '??-1358', 3602.00, '??-0735', 'Inactive'),
(719, 408, '084b38f6-21c1-4718-b68f-1539232ac651', '??-2784', 6503.00, '??-5822', 'Active'),
(278, 579, '7347b65c-6e78-41e7-992c-e00413426570', '??-0996', 6502.00, '??-8032', 'Completed'),
(21, '944aefb9-51de-4696-8e75-78d3c9252f15', '31629589-88d9-467d-8f0b-1522f6ac17bf', '??-7214', 9854.00, '??-2434', 'Pending'),
(132, 567, '34f1f30f-337e-4711-8801-b9fd1e75ce1c', '??-8734', 6697.00, '??-1792', 'Completed'),
(691, 98, '43f00fe6-364d-4159-b112-e54c66bed97d', '??-8605', 4228.00, '??-7498', 'Pending'),
(555, '6229818a-79ae-4c4a-baad-c4e10eb2e235', '4ac498e9-2bd9-4bfc-bf29-bdfba7b2cdef', '??-4836', 757.00, '??-3867', 'Active'),
(606, 237, '258a483e-6518-4ba7-a36e-1fed82441065', '??-1932', 9281.00, '??-8651', 'Inactive'),
(707, 788, '9270a98c-0eda-425e-9cfb-2c4bb8588a9e', '??-6026', 7467.00, '??-6128', 'Pending'),
(204, 354, 'eef71f64-e4bf-4890-989f-8ca4ad09f3b1', '??-8293', 3242.00, '??-3177', 'Active'),
(735, '2dc5e12f-92b4-44a2-b93d-d9d1d46dac1b', 'aaa8bfff-6c3e-4be8-ac70-b3eb17c6849c', '??-9366', 2302.00, '??-6112', 'Draft'),
(19, '6927362e-3d93-413f-ba17-0556e3bd4aa9', '2d5dfa58-7c5d-4210-b8e0-def2ef84d5d9', '??-2349', 4066.00, '??-0625', 'Draft'),
(317, 321, '6bbe9c4e-c320-4a55-844c-7cd492117ad9', '??-6064', 9265.00, '??-4259', 'Active'),
(623, 533, '50ea6f09-f780-494d-9a14-13dd0ff6cc35', '??-2663', 7577.00, '??-8871', 'Pending'),
(595, '004b63ba-00ce-492d-b2e2-35b08503f1e1', '53c34bda-94fa-4d93-b41b-ca0ed85d3bff', '??-3812', 2158.00, '??-7057', 'Pending'),
(32, 415, '5ef2af2d-1793-47d7-94d8-c932af6d81a3', '??-3900', 8824.00, '??-4091', 'Active'),
(156, 802, '6b02d796-d7ab-443d-b8c8-a7f725301445', '??-1953', 3392.00, '??-1478', 'Active'),
(799, 283, '1bd04ad7-3bce-45cc-919b-c6cae367124c', '??-4642', 6379.00, '??-7840', 'Active'),
(738, 'cc8cac59-3a0f-4b24-b87f-a0778b7db875', '31629589-88d9-467d-8f0b-1522f6ac17bf', '??-9417', 8920.00, '??-6821', 'Draft'),
(348, 237, 'fe872982-8ca7-4c11-8545-5b32c4777b79', '??-0377', 3849.00, '??-1851', 'Draft'),
(427, 279, 'e7710921-84e9-4bb4-8b4a-18ffa795778d', '??-4391', 6290.00, '??-2289', 'Active'),
(276, 'fd83326d-6313-430f-a2e4-6c1c43b4e85b', 'cb912eed-54e3-4302-9de0-dec337432ad2', '??-8370', 1279.00, '??-6368', 'Inactive'),
(223, 41, 'aaa8bfff-6c3e-4be8-ac70-b3eb17c6849c', '??-4292', 2473.00, '??-8757', 'Active');

-- Data for flight_crew
INSERT INTO flight_crew (crew_id, full_name, pilot_license_token, home_base_airport_id, rank_level, flight_hours_total) VALUES
(476, 'Enrique Abbott', '617d80173bdc4d0d867ba296128495e6', 803, 'Lang Rank Level', 520),
(403, 'Jayce Hackett', '7b3e37d644cf4b3ea4bf3bfd2d9c9047', 873, 'Ritchie shire Rank Level', 151),
(961, 'Riley Hane', '534e21c765234649980b8e16af1f8e17', 351, 'Ward Rank Level', 66),
(785, 'Isabella Medhurst', '0385a554d3214e24b08790d2bab1f80e', 202, 'Bahringer side Rank Level', 289),
(512, 'Esmeralda Christiansen', '7e013a0274d24ce799ec3447a4ef6650', 935, 'Stroman land Rank Level', 636),
(670, 'Dasia Schulist', '857fd6cebae64c57995866a437803904', 731, 'Mohr mouth Rank Level', 995),
(88, 'Jon Harris', '3c8423a35e2c40ffb56bb8912b55ff63', 795, 'Mosciski Rank Level', 40),
(11, 'Filomena Terry', '54bbcaa8bec3418e8431094f342c7a02', 389, 'Hirthe town Rank Level', 548),
(311, 'Jacynthe Hand', 'd88009409f9b4b4fadb830badea2d2de', 102, 'South Trenton Predovic berg Rank Level', 775),
(634, 'Piper Schowalter', 'bdf5630372fe413a8628ad175aca794d', 539, 'Werner town Rank Level', 985),
(439, 'Dawson Morissette', 'be90a27e8ca74ef595ac2d8cc023b1f7', 935, 'DuBuque Rank Level', 183),
(538, 'Bernadette Gorczany', 'f08b2896d5e74036bc4f953c2f839381', 504, 'Lake Diana Crooks burgh Rank Level', 954),
(833, 'Laverna Gutkowski', 'da9a4a65e3284629b0b6de1a9feee9a3', 731, 'Labadie Rank Level', 612),
(695, 'Noemi Wilkinson', '2f85f919b922416791d431ab78c4967c', 873, 'Marquardt town Rank Level', 802),
(67, 'Pietro Medhurst', '83a2ba7df6784489b7d59b2ce29ac5cb', 679, 'Kihn Rank Level', 313),
(365, 'Markus Fahey', '943cba701b5d4976a6fe9d70c6959bab', 629, 'Upton Rank Level', 846),
(392, 'Yolanda Smith', '28180d50eae34abc94c988f5bbdd6e26', 321, 'Kub Rank Level', 293),
(711, 'Kobe Altenwerth', 'cda00295ecea43ea8bd3e1c809e3e26d', 821, 'Beer Rank Level', 157),
(65, 'Wendell Goodwin', '933e2f34865b48deafe0caf46e0f5680', 504, 'Hintz berg Rank Level', 810),
(929, 'Camron Willms', 'cb6c759548e44d8bb27d7a5bea002b91', 408, 'Kris town Rank Level', 693),
(143, 'Ethyl Rau', '1a169f51c4014f4badaf00844b0a2b6a', 187, 'Connelly Rank Level', 299),
(33, 'Cletus Shields', 'a227d9bb9dad45c9bd49b324fcdfea32', 679, 'Cullen borough Rank Level', 968),
(998, 'Lori Franecki', '604c219e24a042b2893a360fae71a687', 128, 'Kohler haven Rank Level', 782),
(34, 'Madison Huel', '1ee776e80cf24b98a1d6289603ff09b8', 632, 'Neva ton Rank Level', 195),
(241, 'Dion Hessel', '83840143f7d64b45b337b86a43fd0110', 638, 'McKenzie chester Rank Level', 590),
(635, 'Kendall Wunsch', '889c1dc50e3f4b60b0af5da80b047f66', 168, 'Crist Rank Level', 74),
(173, 'Selena Simonis', '2c260fccf8794ad696cae581da11166f', 23, 'McCullough Rank Level', 870),
(573, 'Jadyn Bergstrom', '32ddfcea77ff4698a113beca72b67b6c', 415, 'Ryan shire Rank Level', 283),
(997, 'Alexandria Osinski', '492a2f7240e44453b91096d3c1f0b3ba', 986, 'Treutel Rank Level', 559),
(41, 'Earline Romaguera', 'd777546db4a84222a6ba2e443fb42e0e', 603, 'Koelpin side Rank Level', 228),
(486, 'Wilford Macejkovic', '4ed7951feacb4284a519c61a95c14cb4', 567, 'North Laila Bergstrom mouth Rank Level', 214),
(929, 'Holden Kirlin', '77cb75325eac4ec3aa3f49ce1fad2f75', 374, 'Aaron land Rank Level', 960),
(538, 'Adelbert Kassulke', '31715fd18694434e96400b40dc8c6d98', 677, 'North Arthur Larkin fort Rank Level', 112),
(185, 'Toney Fadel', '232e4349984d47f4ba03aa533f1d4955', 655, 'Morissette borough Rank Level', 933),
(101, 'Torey Walker', '5e019bebd76c4c2bbe5c52fcf38c20be', 202, 'Prohaska stad Rank Level', 208),
(718, 'Frank Farrell', 'fa59cada3cfd4ece96d3efd2e50abdf3', 49, 'New Aidan Monahan berg Rank Level', 600),
(325, 'Orion Larson', '11bcc14a285b49f183fbd767f328f6a8', 638, 'New Ashton Brekke berg Rank Level', 852),
(124, 'Glen Bernhard', '7f20ce493047441ea34e5678d497ff11', 284, 'Brekke Rank Level', 909),
(375, 'Saul Little', '68a2311d1d1e47a2ba97619ec8fb3d71', 282, 'East Allene Schultz side Rank Level', 814),
(120, 'Carole Brown', '77ea1eb7f155404a91d5a86cbc2458b1', 828, 'Stokes borough Rank Level', 337),
(875, 'Dulce Swift', '124cac8ab8bf482b882f7a5bf3f8a815', 234, 'Mosciski Rank Level', 743),
(413, 'Charlotte Ledner', 'ea52f623f2424e56af621f127e0f803a', 237, 'Weber Rank Level', 952),
(411, 'Minerva Corkery', 'f4bc724fe70e46049f06fe3c2b311d59', 320, 'Esta land Rank Level', 440),
(480, 'Keaton Littel', '0f8a30ab24a04f4ba77b0726c7c56919', 289, 'New Susanna Watsica haven Rank Level', 930),
(491, 'Nellie Stokes', 'c76c3ccc78044506b447dc8315502c55', 843, 'Wayne chester Rank Level', 678),
(83, 'Rylan Pacocha', '716cd1aca1954962877a82dd6449f228', 473, 'New Donnell Friesen mouth Rank Level', 433),
(703, 'Kenyatta Waters', 'f09c764e6c454bc2907985a647cf2c63', 5, 'Spencer Rank Level', 432),
(888, 'Felix Rice', '9bcafc3665e44819b35d594a51548a9e', 992, 'Esmeralda ville Rank Level', 338),
(547, 'Clotilde Sipes', 'cd62cb49df1c421489907783cc6eb4b4', 128, 'Little haven Rank Level', 908),
(901, 'Jayda O''Hara', 'c9b8131d90f443cba15cf8c69a5e4174', 664, 'Hansen Rank Level', 483),
(261, 'Caroline Rohan', '57b570b35c6e4875b84e28447c27e572', 664, 'Huel burgh Rank Level', 54),
(532, 'Emie Ryan', 'fc6320799fef4d8d9d447c067e82cc5c', 632, 'Daniel stad Rank Level', 160),
(881, 'Alford Ernser', '2a843a6dd1ee423ca692a8efdb27aaa9', 282, 'Jude berg Rank Level', 634),
(569, 'Samir Hauck', 'e85c101305b74b0794bff7857789af26', 504, 'North Danyka Bednar side Rank Level', 425),
(523, 'Bradford Auer', 'c3a9102738024a0781eccbaaa98b0e04', 558, 'Little stad Rank Level', 26),
(879, 'Marlen Stamm', '21e193ddd7474ccbb8436c03ec74198a', 98, 'Berniece fort Rank Level', 490),
(615, 'Amari Wehner', 'c11d738f11b04b6086bb7ee853ee8b03', 444, 'Casey view Rank Level', 357),
(386, 'Judy Kessler', 'caa022f13bde4794b138a89e0b682b7e', 877, 'Geovanny mouth Rank Level', 469),
(669, 'Nathanial Sawayn', '113a52cd919d425b8627b1fcf9579a19', 321, 'Lowe furt Rank Level', 874),
(314, 'Buck McClure', 'b777f546013e455f9680e13834c5730f', 810, 'Grayce borough Rank Level', 788),
(935, 'Barry Lang', '324a75d7e8e040f9b8e723fc49c281cc', 539, 'New Michale Jakubowski bury Rank Level', 978),
(157, 'Rosalee Fahey', 'ab4090817df449a2b12bd98641ac7866', 289, 'Bashirian Rank Level', 702),
(232, 'Gia Nitzsche', '14e4f1a8835a4e528a95ff9fe7ebde27', 504, 'Feil chester Rank Level', 200),
(203, 'Karl Dickens', '1c32aa9a0c9e46ccbfdb9a8f0b9e40b2', 567, 'West Alia Hamill mouth Rank Level', 327),
(199, 'Ernestine Bode', '02539d451fb44164a57ff902e71f6830', 976, 'Bashirian furt Rank Level', 24),
(492, 'Orrin Johnson', 'fb9e3c2497a34742b895368555b930b3', 415, 'Tromp bury Rank Level', 141),
(868, 'Jewell Murray', 'e77ed6eacf874531b3aaaae60d09572e', 603, 'West bury Rank Level', 514),
(623, 'Noemi Hamill', '8c94bc394dfe40c5a32894a8da3b22b0', 743, 'Koelpin mouth Rank Level', 474),
(938, 'Gregorio Kautzer', '040d68c1ddc440d39c7685c75009f080', 378, 'Rogahn Rank Level', 69),
(222, 'Jacques Blanda', 'f0b0a517b102461c8cbe969844835db8', 338, 'Kub Rank Level', 460),
(596, 'Marlen Cruickshank', '91d2334a1127465db5846ae091dc0cd8', 234, 'Durgan Rank Level', 671),
(406, 'Duncan Bechtelar', '53a0fb6dbcd446d19dfd7a603f4e53b7', 444, 'West Ashley Walker fort Rank Level', 250),
(629, 'Nova Rath', '3322f0f869044c339cfeb8be124c6d1e', 629, 'Everardo borough Rank Level', 102),
(678, 'Ryleigh Kozey', 'a58d90c4963645319ede2ffa21ee70e0', 743, 'Lockman borough Rank Level', 517),
(454, 'Dessie Gleason', '0e374912384d447fa097f400145e11f4', 539, 'Feeney shire Rank Level', 619),
(773, 'Kim McKenzie', '3d103ba22b3549fa8de06bb6b48c5945', 843, 'Marquardt Rank Level', 621),
(350, 'Rafael Jacobs', '093d6b2fdc0542b9aebee1f41e04aff5', 5, 'Hintz ton Rank Level', 751),
(879, 'Norberto Fisher', '0e6fffb6f20a4fb9a04892144d6e3605', 533, 'Heaney Rank Level', 492),
(144, 'Daphnee Pouros', '146d7926d2bf44f2b1159fc3d80c8b50', 263, 'Huels Rank Level', 661),
(661, 'Cathy Jenkins', '85df955ff36a405f9309de8cf858d0e6', 222, 'Collier furt Rank Level', 589),
(221, 'Darlene Bednar', 'b98e6d97295748aca46710994e350220', 894, 'Rachelle borough Rank Level', 971),
(179, 'Blanca Grant', '00a633b5d07546fdb73b1f407c1c1019', 679, 'Runolfsdottir chester Rank Level', 150),
(808, 'Nannie Braun', 'f84ee6967452469ca67db1e14b638214', 986, 'Considine bury Rank Level', 421),
(561, 'Leland Cremin', 'f920d5a584464b3ab8a33f3dca2dcfc5', 731, 'Elian land Rank Level', 509),
(599, 'Demarco Rosenbaum', '9621c777dacd43e8b4d105e98ae24fe6', 731, 'Port Rashad Corkery view Rank Level', 646),
(294, 'Thaddeus Olson', '3dcb96e4656b47ec8ea8d5de0dad8083', 573, 'Leffler ton Rank Level', 837),
(507, 'Tyson DuBuque', '32ba0248cbf94fbd90c47a5f7935ef0e', 445, 'Kuhn chester Rank Level', 146),
(66, 'Jazmyne Cassin', 'ab5fa87392c54262abdff52130701817', 106, 'East Isabella Zemlak mouth Rank Level', 636),
(66, 'Bryce Wintheiser', '7afe6441e4a14c089da65c26e24f8869', 445, 'O''Hara Rank Level', 87),
(623, 'Gloria Tremblay', 'fde6e8c87eba4f64a8c2bd3a611433ae', 731, 'Botsford Rank Level', 747),
(592, 'Georgianna Bernier', 'a735b1d631a2463ab34e017e3288536b', 924, 'East Piper Leuschke town Rank Level', 788),
(334, 'Tatum Tillman', '48be8cf6cc2641348c01928f9f4544bb', 213, 'Walter Rank Level', 578),
(317, 'Merl Torp', 'dffe3b96b1664f02bb26969192f2b112', 956, 'Anderson Rank Level', 263),
(385, 'Jordan Daugherty', 'd9cb44f4e66447c09c60e103e71d298c', 992, 'Dooley burgh Rank Level', 514),
(386, 'Victoria Kihn', 'b9e4c84920de40358e0b780fbe1e3701', 34, 'Hoppe side Rank Level', 144),
(87, 'Leland Douglas', '3d0d434bc70043e982ce897e6436454f', 935, 'Ernser stad Rank Level', 557),
(959, 'Oleta Monahan', '58b5bf121116418fa9498cad6c7fa35d', 558, 'Homenick Rank Level', 598),
(104, 'Gillian Yundt', 'e4f5e8bf42d543f5be435d6a32f3d205', 603, 'Alycia furt Rank Level', 626),
(49, 'Ricardo Hansen', '077848e099144bba9d28f782d11b9883', 185, 'Orn haven Rank Level', 632),
(514, 'Christ Ferry', '2f519a5eb9e64e50bffd5980a615e423', 445, 'West burgh Rank Level', 215);

-- Data for baggage_tracking
INSERT INTO baggage_tracking (bag_tag_id, ticket_id, weight_kg, security_scan_image_path, handling_status) VALUES
('velit odio', '609ea2a4-88df-47f9-8544-57244cc57eb0', 92.15, '/uploads/img/ef24883c-bd8e-4b9a-90cd-f8773c9cc62d.png', 'Active'),
('soluta itaque esse', 883, 10.75, '/uploads/img/147617e0-8d18-459c-8378-8b9c3a9fe43b.webp', 'Pending'),
('cum tempore id', 98, 57.98, '/uploads/img/c2807b25-b3d9-4832-9277-7c094c00effe.webp', 'Draft'),
('ratione deleniti', 555, 85.63, '/uploads/img/dbf6f831-5538-4f3c-a249-d15a2884ffc0.png', 'Completed'),
('voluptas tenetur quia qui', 567, 73.47, '/uploads/img/ca65fcb8-a014-4467-9e81-f1eeb4e5a2d1.png', 'Pending'),
('consequatur iure ut voluptas', '4ca8b8e7-5dfb-4014-9bbf-a9ec262e54f0', 48.68, '/uploads/img/1c7236d0-78ad-41f6-8cc6-a1ba51a49468.png', 'Draft'),
('esse minima natus quibusdam', 802, 24.51, '/uploads/img/f0a413f7-1652-4787-bbc3-f94979b56fee.webp', 'Inactive'),
('adipisci atque', 444, 18.39, '/uploads/img/56590231-21b5-4c53-a67e-126c70f867ab.png', 'Draft'),
('qui autem', 'd604fa2e-ff91-4f5d-bce1-6ea51ad30453', 99.07, '/uploads/img/7d875ab8-bd1f-460d-adea-1d211e5a1301.jpg', 'Pending'),
('et cum', 276, 44.17, '/uploads/img/aa7d48db-2932-46c7-ab19-a8ba202e6661.webp', 'Draft'),
('doloremque omnis est et', 237, 47.54, '/uploads/img/594751a4-657c-4cc0-8258-b32230ec75e3.png', 'Pending'),
('molestiae quia', '6229818a-79ae-4c4a-baad-c4e10eb2e235', 76.02, '/uploads/img/59a9afc1-6b05-4cc5-b9ab-184b92d3130a.png', 'Completed'),
('consequuntur maxime vitae culpa', 278, 4.00, '/uploads/img/7b8bc50b-4ece-400e-a814-22ddd39f450e.png', 'Pending'),
('eos quibusdam voluptatem', 691, 9.86, '/uploads/img/1409bf75-125a-458a-b922-f4250e0a5df4.webp', 'Pending'),
('voluptas quia', 'e43853f6-34c3-4636-bbab-6b5e7d08d610', 60.89, '/uploads/img/dc820ecb-e042-4fec-9ca2-309d793da74e.jpg', 'Active'),
('minus perspiciatis et', 22, 38.71, '/uploads/img/dc3a4aa6-fafc-4407-96c3-d15096e5f739.jpg', 'Pending'),
('sapiente quae optio quos', 'eef71f64-e4bf-4890-989f-8ca4ad09f3b1', 6.82, '/uploads/img/0826aef6-3983-4bfa-9630-dad2a03b7c6c.webp', 'Completed'),
('in corporis non sit', 255, 94.52, '/uploads/img/d029ad3a-d58b-4926-8727-f7eef3a25793.webp', 'Completed'),
('et voluptate qui id', 772, 56.64, '/uploads/img/9c333991-2bb1-4a91-b5e0-93d8d7afeb78.webp', 'Draft'),
('ipsum dolores sint', 567, 33.18, '/uploads/img/b723b978-a9fd-4e63-9fc6-b3ee939902c7.webp', 'Active'),
('et qui est', '963ede28-0092-4f5d-80e4-1e949f2483d8', 0.24, '/uploads/img/60070e11-fa6b-4851-8487-054fbb54a43e.png', 'Pending'),
('enim et', 'bef6d590-7575-47a1-8c87-8350dfa40053', 15.25, '/uploads/img/31cc7730-a088-4942-85eb-7556e9a28c18.png', 'Pending'),
('aut quod natus', 956, 97.63, '/uploads/img/a8165ac4-e5db-4cc4-8f6c-6d58a7473a84.png', 'Inactive'),
('saepe facere aspernatur', '62141306-4585-474f-b753-e487d9994845', 4.20, '/uploads/img/95cdddee-c7db-4ef4-b016-b0ad946aae5f.png', 'Inactive'),
('voluptas in', 204, 94.60, '/uploads/img/a8132be9-30f3-4d5f-bfd8-fe9acf23dc43.webp', 'Pending'),
('ut ad nihil', 482, 19.81, '/uploads/img/cb5ceff6-0043-4f0f-a306-9942f48aa3c7.webp', 'Draft'),
('fugiat odio', '2c1f7379-eb70-41f7-a23e-306b545d74ca', 55.72, '/uploads/img/b399e7c1-7df8-48f7-aaac-3e3d6695e153.jpg', 'Completed'),
('aut vero est', 772, 19.84, '/uploads/img/87db5b79-64cc-4b88-87f2-e2d03685960d.png', 'Pending'),
('minus dolores eius quas', 194, 77.25, '/uploads/img/c1cec691-ccf6-4d73-b37c-a55d728b9e55.webp', 'Inactive'),
('voluptatem quos mollitia', 408, 71.71, '/uploads/img/d003737d-4c92-4a71-a6e9-2c1c1cf5179c.png', 'Active'),
('mollitia accusantium fugiat', 760, 91.03, '/uploads/img/d7f47371-3619-4f8e-968e-d3209e909d24.webp', 'Draft'),
('possimus eius voluptatum', '5be12c83-3870-4369-b92c-9f1354e0e9eb', 24.57, '/uploads/img/8e2c8475-d023-4fe9-82c9-bd72111a4c6b.png', 'Inactive'),
('accusamus est', 486, 52.27, '/uploads/img/98168ad5-4f39-4325-9fc5-2c32b944793e.png', 'Completed'),
('ratione similique', 'aaa8bfff-6c3e-4be8-ac70-b3eb17c6849c', 19.01, '/uploads/img/59d47071-80dd-435b-875e-1d961fa16c63.webp', 'Active'),
('eum aut', 294, 35.98, '/uploads/img/2a14f899-4915-4de6-876a-0495f16607ae.jpg', 'Active'),
('et provident laboriosam harum', 215, 71.60, '/uploads/img/9bb5f45b-d96c-4474-996e-ade86fc7c7f6.png', 'Inactive'),
('fuga nobis est at', 525, 61.92, '/uploads/img/76620f6d-f0ec-4416-93c1-d4975adadca8.png', 'Draft'),
('quod corporis', '0fe4d21c-32b1-40cf-a6f8-976618f43ec1', 0.34, '/uploads/img/772c2ba6-d33f-4b7c-bdf3-a77c5b64fe9c.jpg', 'Active'),
('voluptatem placeat aliquid', 354, 25.00, '/uploads/img/f25e6e18-4158-4020-9bfb-d436ff2caee7.jpg', 'Completed'),
('aliquid quo eligendi reprehenderit', 730, 67.56, '/uploads/img/27626fbb-d0e6-4e4c-a6b8-71477337e904.png', 'Completed'),
('quae eaque magnam est', 148, 84.00, '/uploads/img/9ec406e3-e97c-441a-b90e-58612a8e1dc9.png', 'Draft'),
('animi pariatur quam', 832, 17.52, '/uploads/img/89d7f861-e27e-48ad-b19e-22dd22362a18.jpg', 'Active'),
('iste quidem', '7347b65c-6e78-41e7-992c-e00413426570', 54.38, '/uploads/img/0df2fc5b-b290-423c-8db0-180beed1b1f0.png', 'Completed'),
('quo nostrum autem quidem', '609ea2a4-88df-47f9-8544-57244cc57eb0', 75.15, '/uploads/img/90cd8f4d-afde-4f4e-98ce-17996c8134c3.png', 'Active'),
('qui sequi itaque repellat', 165, 91.62, '/uploads/img/04de9877-2c6e-411b-a2b5-5c719b458b0b.jpg', 'Inactive'),
('delectus eveniet eos libero', '0fe4d21c-32b1-40cf-a6f8-976618f43ec1', 46.03, '/uploads/img/39822de2-cda3-4635-bdd5-a7c940619ff6.png', 'Inactive'),
('iste quidem dolor ullam', 237, 31.65, '/uploads/img/6605ca24-1458-46ad-9fba-fd9e8bdb8876.jpg', 'Active'),
('sapiente ut dicta', 194, 97.28, '/uploads/img/643ee459-6bed-451e-ad37-5885dbd9b052.jpg', 'Draft'),
('tempore rerum voluptatem', 'f09b2f57-93f9-4cd4-85de-d2193c7cd719', 21.48, '/uploads/img/2ede8463-38de-49fb-a1ec-c639f01e1225.webp', 'Inactive'),
('aperiam necessitatibus', 475, 26.97, '/uploads/img/e3e58719-75fe-4c84-af44-7fdec7203dc3.png', 'Pending'),
('qui qui', 'cc8cac59-3a0f-4b24-b87f-a0778b7db875', 37.13, '/uploads/img/ecc1de44-e88b-4b96-b271-369cbde63a5f.png', 'Pending'),
('et dolorem', 'cb621497-4ada-4db7-a290-db585d11c05e', 59.60, '/uploads/img/dd3408c7-e304-420a-9582-2507bbdc7365.png', 'Completed'),
('ducimus ratione porro', '0fe4d21c-32b1-40cf-a6f8-976618f43ec1', 45.53, '/uploads/img/b01c4207-b8f7-4c9c-89dc-84ed34f3fcf2.png', 'Draft'),
('excepturi aliquam', 543, 85.16, '/uploads/img/b91f8dfd-3bc1-40b1-8797-7ea5779120c7.webp', 'Pending'),
('facilis vero', 692, 1.34, '/uploads/img/4c9b21ab-1b0b-489a-90f0-96084b3386d7.jpg', 'Pending'),
('quaerat nobis', 'ecfd7d6e-f379-4ea3-b200-d1c642573dd4', 60.03, '/uploads/img/89e6feb7-3b77-439e-bced-705ab26e6038.png', 'Draft'),
('recusandae ullam repellat', 54, 69.93, '/uploads/img/4c554e19-bead-4112-ad6c-ea37cadc2a8c.png', 'Draft'),
('neque earum', 'b48a2511-8162-4ff2-823c-04e8dab4a7a4', 23.27, '/uploads/img/ed17dfae-0aa7-4147-ad52-2b388669b0c4.jpg', 'Draft'),
('aut voluptatem', '31629589-88d9-467d-8f0b-1522f6ac17bf', 4.07, '/uploads/img/d139608a-fffa-4cd7-bfad-3b53ef8ca3fe.webp', 'Active'),
('dignissimos rerum vero ratione', 586, 97.43, '/uploads/img/ebd81cc6-e1c9-43b4-b43b-b13957facc49.webp', 'Draft'),
('quia ducimus', 887, 46.36, '/uploads/img/2c69d17a-d280-426a-bcf2-f231c15256ad.webp', 'Inactive'),
('omnis consequuntur ut', '004b63ba-00ce-492d-b2e2-35b08503f1e1', 50.35, '/uploads/img/88fc95b7-2a24-423a-8448-d5175a0f0959.webp', 'Pending'),
('et et', 350, 7.64, '/uploads/img/4a9fa1fe-a27e-48ad-8973-21f4e02a5c29.jpg', 'Pending'),
('blanditiis magnam', 254, 78.60, '/uploads/img/1331adc3-4473-412b-b593-3e7d4dadc172.jpg', 'Draft'),
('repellat explicabo aut', 204, 22.51, '/uploads/img/a0776122-f81a-4d8c-9f82-c0c4cc69dced.webp', 'Draft'),
('sint hic at', 692, 16.26, '/uploads/img/a177a22c-63c9-4104-9229-f1a3668e9f47.webp', 'Active'),
('molestias labore quos', 194, 77.21, '/uploads/img/e5957728-eea3-4180-9475-fda27b0cad33.jpg', 'Completed'),
('neque minus', 366, 29.51, '/uploads/img/51b232e1-0bf4-4985-ac0f-35f156dad084.jpg', 'Inactive'),
('consequuntur accusamus ex', '0fe4d21c-32b1-40cf-a6f8-976618f43ec1', 97.58, '/uploads/img/f516b1e4-dc3c-4102-86d6-9f3fe8ad0674.jpg', 'Pending'),
('labore odit id qui', '4f56fde8-0451-4c4b-ba2e-2ac4651b6f05', 87.98, '/uploads/img/ff7f8044-85f6-4ed9-8ff9-085632403d8e.jpg', 'Active'),
('vitae harum', 'ce548bd1-5657-4d53-b284-47019b5c9362', 16.03, '/uploads/img/9aa4f6f6-fe87-473d-a769-76f4a71492da.png', 'Completed'),
('excepturi maxime', 283, 54.73, '/uploads/img/bdd25547-77c6-4390-b1db-3d52b644523c.jpg', 'Draft'),
('harum quidem odit', 59, 8.32, '/uploads/img/4f28c7ed-b685-4276-a8e0-8471b7dc61aa.png', 'Completed'),
('est odio molestiae deleniti', 'de7d4b49-f0f6-4067-adba-2d252fe55cf4', 68.41, '/uploads/img/63f7e0a7-2419-4e99-a901-e49fba7b88a7.png', 'Active'),
('sed aut voluptatem', '1a278c94-ab28-4369-b5ff-ed0b9257495a', 47.72, '/uploads/img/d2d45a9e-fded-4600-818c-33f1b4a90afc.png', 'Active'),
('et nihil', 802, 41.08, '/uploads/img/b506a19d-93bb-4db1-b874-2b0d12effba5.png', 'Completed'),
('autem sed fuga alias', 90, 69.30, '/uploads/img/dae9e8c9-ba4e-4c73-bfb8-fb7d25982e1f.webp', 'Draft'),
('quasi iste harum', 321, 65.27, '/uploads/img/8d735e06-2187-4f77-bf17-b5bdbbf21834.png', 'Inactive'),
('ullam est adipisci', 586, 53.13, '/uploads/img/819f0202-36e5-49c8-ae32-a5cf72b3a8e1.jpg', 'Inactive'),
('est quia', 738, 51.58, '/uploads/img/a603a831-6092-4973-ad76-e31f0ce4d49d.png', 'Completed'),
('voluptatem ut quidem magni', '609ea2a4-88df-47f9-8544-57244cc57eb0', 92.44, '/uploads/img/ec1588f5-9f15-46a9-aa53-e3b08fc2f99e.jpg', 'Active'),
('qui nihil rerum', 567, 26.43, '/uploads/img/9c57f84b-6099-47e1-a9a1-60045e2c69af.png', 'Completed'),
('voluptatibus nam', 802, 4.83, '/uploads/img/d70b4908-b4b1-40ea-b36d-2d906ea64893.png', 'Draft'),
('id delectus qui', 517, 54.07, '/uploads/img/a4cb84f6-1c4a-48ab-a9e3-e421b5ea5850.jpg', 'Inactive'),
('fugiat ut modi est', 'eef71f64-e4bf-4890-989f-8ca4ad09f3b1', 0.22, '/uploads/img/c7f7aa0d-d481-4417-8763-e6b91451fb0e.jpg', 'Completed'),
('sunt ratione', 148, 72.56, '/uploads/img/5263b7d6-80e6-47eb-bab6-7ea4c43977f4.webp', 'Active'),
('repellat ipsam aperiam', 367, 64.92, '/uploads/img/bbfbc1d2-d43d-4e2c-b96e-15a3e457abcd.jpg', 'Completed'),
('quia animi', 'eef71f64-e4bf-4890-989f-8ca4ad09f3b1', 84.48, '/uploads/img/867bbbda-dd57-4dbb-a2bf-a8e04035ff1e.jpg', 'Active'),
('amet nisi dolores quaerat', 802, 68.07, '/uploads/img/8630f4f0-0f8e-4b62-a43c-799d0c0f9ece.webp', 'Active'),
('tempore sequi et', '6229818a-79ae-4c4a-baad-c4e10eb2e235', 36.97, '/uploads/img/b9c7cf89-c3ed-43ec-9e77-90869c0a6381.webp', 'Pending'),
('dolorem minima ut autem', '544aea33-8c59-4e59-9d15-b977ad843520', 21.76, '/uploads/img/bb102b5d-e6b1-49f2-8a52-e94cb33d8117.png', 'Active'),
('quasi repudiandae delectus recusandae', '944aefb9-51de-4696-8e75-78d3c9252f15', 90.99, '/uploads/img/1d85cfda-c9c4-4f52-8acd-21169937bcbb.png', 'Inactive'),
('laborum minima dolor', 738, 33.00, '/uploads/img/f4cd9ad0-613e-44cc-8745-3fba7799ad28.png', 'Pending'),
('molestias cum hic consequatur', 993, 87.48, '/uploads/img/226f8c4c-e3dc-4b0b-b4e0-3fbd3b8537f0.jpg', 'Active'),
('sunt nisi et quia', 367, 59.85, '/uploads/img/250c53b7-f4c8-41d0-bc38-9a4b2e1326fc.jpg', 'Inactive'),
('officiis sunt neque ut', '1a278c94-ab28-4369-b5ff-ed0b9257495a', 93.12, '/uploads/img/3ce078c8-4262-4c5f-a7e2-6e7b58454d7b.webp', 'Completed'),
('qui maiores', 415, 61.25, '/uploads/img/e5aa1348-b2be-418c-8393-d8b784ac38ba.jpg', 'Completed'),
('dolorem vel', 993, 23.02, '/uploads/img/08b2ae80-b830-4733-bb0c-e4e6225dd048.webp', 'Pending'),
('sint et dolorum', 923, 3.33, '/uploads/img/9e26b77e-203c-4b88-8a8b-eda7cb8f12a1.webp', 'Active'),
('ut dolores voluptas temporibus', 987, 99.85, '/uploads/img/269141cd-1432-4977-a470-97844d8e6136.webp', 'Inactive');
COMMIT;
